tick,timestamp,x,y,heading,battery,raw_x,raw_y,raw_z,qx,qy,qz,qw,tracked,n_neighbors_seen,front_d,back_d,ir_front_max,ir_rear_max,v,w,left,right,v_policy,scale_corridor,scale_agent
1,1791120022.1042743,1.3759173154830933,-0.6838520169258118,1.5961497978940073,100.0,1.3759173154830933,-0.6838520169258118,-0.0009051184169948101,0.0,0.0,-0.9994363543722766,0.03357042685241281,1,5,-0.4765656650243111,1.0,0,0,0.18926969383217748,-0.6283185307179586,500,343,0.18926969383217748,1.0,1.0
2,1791120022.7135568,1.3088361024856567,-0.69818115234375,1.39434690208049,99.70842120336677,1.3088361024856567,-0.69818115234375,-0.001940885791555047,0.0,0.0,0.9977345474493486,0.06727386436086026,1,5,-0.47136087311209174,1.0,0,0,0.2,-0.6283185307179586,500,343,0.2,1.0,1.0
3,1791120023.3221984,1.2222191095352173,-0.701018750667572,1.1138598465961458,99.34390519549034,1.2222191095352173,-0.701018750667572,-0.002118562813848257,0.0,0.0,0.9785349468797996,0.20608094947119138,1,5,-0.17413928052708372,1.0,0,0,0.2,-0.6283185307179586,500,343,0.2,1.0,1.0
4,1791120023.9310505,1.1367502212524414,-0.6789972186088562,0.8395316174487188,98.98164031318143,1.1367502212524414,-0.6789972186088562,-0.0029203426092863083,0.0,0.0,0.9411659356591654,0.33794479069044375,1,5,-0.20371156772033971,-0.5288427182668181,0,0,0.1835042173746516,-0.0645587826677192,500,484,0.1835042173746516,1.0,1.0
5,1791120024.5399632,1.0737098455429077,-0.6225101947784424,0.801756807914817,98.63402821694791,1.0737098455429077,-0.6225101947784424,-0.004090756177902222,0.0,0.0,0.9346155471196946,0.35565963937752887,1,5,-0.2731078591828332,-0.4077223695539831,4297,0,0.13172663661836476,0.6283185307179586,310,467,0.13172663661836476,1.0,1.0
6,1791120025.1488636,1.0286060571670532,-0.573019802570343,0.9224792317086532,98.52296824041933,1.0286060571670532,-0.573019802570343,-0.0023959416430443525,0.0,0.0,0.9543684522463687,0.29863164158687305,1,5,-0.5356495345137002,-0.3019545150924282,4663,0,0.1169213201654573,0.6283185307179586,266,424,0.1169213201654573,1.0,1.0
7,1791120025.7574694,0.9830015897750854,-0.5428147912025452,0.9251567738686193,98.39829307715017,0.9830015897750854,-0.5428147912025452,-0.003274255897849798,0.0,0.0,0.9547673962712854,0.2973536934651231,1,5,-0.8567892141148234,1.0,4676,0,-0.2,0.6283185307179586,-500,-343,-0.2,1.0,1.0
8,1791120026.3660614,1.0226150751113892,-0.5465705394744873,1.0617396535344232,98.29829307715018,1.0226150751113892,-0.5465705394744873,-0.008716109208762646,0.0,0.0,0.9728328085531586,0.23150880458974693,1,5,-0.8619604956837097,1.0,3740,0,-0.2,0.6283185307179586,-500,-343,-0.2,1.0,1.0
9,1791120026.9749472,1.10396409034729,-0.5602831244468689,1.3074010840760195,98.19829307715018,1.10396409034729,-0.5602831244468689,-0.001752335811033845,0.0,0.0,0.9938682202710957,0.11057106644671963,1,5,-0.7844079451677229,1.0,0,0,-0.2,0.6283185307179586,-500,-343,-0.2,1.0,1.0
10,1791120027.583433,1.1870523691177368,-0.5480347275733948,1.5538361629142834,98.09829307715019,1.1870523691177368,-0.5480347275733948,-0.0017681336030364037,0.0,0.0,-0.9999228738091238,0.012419598757728181,1,5,-0.7019485336617766,1.0,0,0,-0.2,0.6283185307179586,-500,-343,-0.2,1.0,1.0
11,1791120028.19181,1.2695778608322144,-0.5151090025901794,1.8130994224073502,97.9982930771502,1.2695778608322144,-0.5151090025901794,-0.002253166399896145,0.0,0.0,-0.989927633208957,0.14157429501612454,1,5,-0.6082139544347487,1.0,0,0,-0.0675644349569664,0.6283185307179586,-278,-120,-0.0675644349569664,1.0,1.0
12,1791120028.800636,1.3116072416305542,-0.4652370810508728,2.156615777726709,97.8982930771502,1.3116072416305542,-0.4652370810508728,-0.0005311304703354836,0.0,0.0,-0.9511644719609695,0.30868454331114464,1,5,-0.5609617873915534,1.0,0,0,0.1291367760402183,-0.5911281133260409,455,307,0.1291367760402183,1.0,1.0
13,1791120029.409188,1.2753502130508423,-0.5003979802131653,2.0259565672735684,97.7982930771502,1.2753502130508423,-0.5003979802131653,-0.002310813870280981,0.0,0.0,-0.9692873267259133,0.2459310436860962,1,5,-0.5810468107766464,1.0,0,0,0.10301988755245327,0.15915754147791517,284,324,0.10301988755245327,1.0,1.0
14,1791120030.0176988,1.2225914001464844,-0.5265694260597229,2.0594708516955613,97.69829307715021,1.2225914001464844,-0.5265694260597229,-0.0013743179151788354,0.0,0.0,-0.9650303324829844,0.26213824098704225,1,5,-0.13450453345633706,1.0,0,0,-0.04212557456987942,0.6283185307179586,-203,-45,-0.04212557456987942,1.0,1.0
15,1791120030.6260188,1.2135193347930908,-0.497660756111145,2.3674286801401827,97.59829307715022,1.2135193347930908,-0.497660756111145,-0.0008916358929127455,0.0,0.0,-0.9134082719433383,0.40704462746176195,1,5,-0.15549760606038843,1.0,0,0,-0.044049684523948446,0.6283185307179586,-209,-51,-0.044049684523948446,1.0,1.0
16,1791120031.2343688,1.2075124979019165,-0.45711004734039307,2.6979449477563744,97.49829307715022,1.2075124979019165,-0.45711004734039307,0.0013429203536361456,0.0,0.0,-0.8340022561035568,0.5517610323447798,1,5,-0.11408635218200036,1.0,0,0,-0.06366393547120579,0.6283185307179586,-266,-109,-0.06366393547120579,1.0,1.0
17,1791120031.8427958,1.191361904144287,-0.4118656516075134,2.989963490760762,97.39829307715023,1.191361904144287,-0.4118656516075134,-0.0016760029830038548,0.0,0.0,-0.7448518290868997,0.6672299099305276,1,5,-0.09675266734959509,1.0,0,0,-0.04578768939711669,0.6283185307179586,-214,-56,-0.04578768939711669,1.0,1.0
18,1791120032.4514306,1.1600309610366821,-0.38910597562789917,-2.9824355777384848,97.29829307715023,1.1600309610366821,-0.38910597562789917,-0.0015340474201366305,0.0,0.0,-0.6326107659073554,0.7744698953852946,1,5,1.0,1.0,0,0,0.2,0.6283185307179586,343,500,0.2,1.0,1.0
19,1791120033.0603502,1.1580911874771118,-0.433810293674469,-2.7401402496566942,97.19829307715024,1.1580911874771118,-0.433810293674469,0.0022095078602433205,0.0,0.0,-0.5343782251709833,0.8452454746776878,1,5,1.0,-0.1352835882035346,0,0,0.2,0.6283185307179586,343,500,0.2,1.0,1.0
20,1791120033.6685011,1.177640676498413,-0.5110514163970947,-2.4334648664350014,97.09829307715025,1.177640676498413,-0.5110514163970947,0.002005958231166005,0.0,0.0,-0.39900756827967404,0.9169476323408776,1,5,1.0,-0.6774982296066405,0,0,0.2,0.6283185307179586,343,500,0.2,1.0,1.0
21,1791120034.276747,1.2217037677764893,-0.583109438419342,-2.140109549721448,96.99829307715025,1.2217037677764893,-0.583109438419342,0.0005406496347859502,0.0,0.0,-0.2607090810484398,0.965417409755427,1,5,1.0,-0.5355198869064048,0,0,-0.14474410666654555,-0.6283185307179586,-343,-500,-0.14474410666654555,1.0,1.0
22,1791120034.8856962,1.2009421586990356,-0.5611148476600647,-2.2016671201590574,96.89829307715026,1.2009421586990356,-0.5611148476600647,-0.002598303835839033,0.0,0.0,-0.29029528531071525,0.9569371177493171,1,5,1.0,-0.48429448786698925,0,0,-0.2,-0.6283185307179586,-343,-500,-0.2,1.0,1.0
23,1791120035.4941587,1.1512730121612549,-0.4775414764881134,-2.529085199321105,96.78458790376635,1.1512730121612549,-0.4775414764881134,-0.001970137469470501,0.0,0.0,-0.44237434637779494,0.8968304955044842,1,5,1.0,-0.4776215442189219,0,0,-0.14402339926506924,-0.6283185307179586,-343,-500,-0.14402339926506924,1.0,1.0
24,1791120036.102803,1.1343270540237427,-0.4031749665737152,-2.7879521138649412,96.68458790376636,1.1343270540237427,-0.4031749665737152,-0.002740997588261962,0.0,0.0,-0.5544299919256153,0.8322303671780802,1,5,1.0,1.0,0,0,-0.07820657494636173,-0.6283185307179586,-152,-309,-0.07820657494636173,1.0,1.0
25,1791120036.7112482,1.151210069656372,-0.3524658977985382,-3.135534716694688,96.58458790376636,1.151210069656372,-0.3524658977985382,-0.001825152663514018,0.0,0.0,-0.6899856266039426,0.7238230689056303,1,5,1.0,1.0,0,0,0.01284620641528382,-0.6283185307179586,117,-41,0.01284620641528382,1.0,1.0
26,1791120037.3207636,1.1829004287719727,-0.35710883140563965,2.8025611059096303,96.48458790376637,1.1829004287719727,-0.35710883140563965,-0.0013974690809845924,0.0,0.0,-0.8040131448051778,0.5946115227444623,1,5,0.049283810859395816,1.0,0,0,0.10216249958583251,-0.6283185307179586,380,223,0.10216249958583251,1.0,1.0
27,1791120037.929211,1.1860237121582031,-0.4126003384590149,2.506945298062818,96.38458790376637,1.1860237121582031,-0.4126003384590149,-0.0017244302434846759,0.0,0.0,-0.882815028169131,0.4697207958337977,1,5,0.025457309167656206,1.0,0,0,0.16136868310547925,-0.6283185307179586,500,343,0.16136868310547925,1.0,1.0
28,1791120038.5373745,1.1541168689727783,-0.48647060990333557,2.2536376657154946,96.28458790376638,1.1541168689727783,-0.48647060990333557,0.0013774677645415068,0.0,0.0,-0.9350767922187122,0.35444518991511703,1,5,-0.052854455695434455,1.0,0,0,0.1961139239748364,-0.6283185307179586,500,343,0.1961139239748364,1.0,1.0
29,1791120039.1457672,1.0981066226959229,-0.5521464347839355,1.9902579581254924,96.1795752936563,1.0981066226959229,-0.5521464347839355,-0.002024779561907053,0.0,0.0,-0.9735223894969801,0.2285916821498328,1,5,-0.1379978645382881,1.0,0,0,0.2,-0.6283185307179586,500,343,0.2,1.0,1.0
30,1791120039.7545195,1.0279207229614258,-0.6020926237106323,1.7041060926864402,96.0795752936563,1.0279207229614258,-0.6020926237106323,-0.0015731301391497254,0.0,0.0,-0.9961695191677368,0.08744306193815525,1,5,-0.45588276408945116,1.0,0,0,0.2,-0.4684441655518127,500,383,0.2,1.0,1.0
31,1791120040.3627594,0.94134122133255,-0.62922602891922,1.491763204226717,95.96616907053587,0.94134122133255,-0.62922602891922,-0.0022846178617328405,0.0,0.0,0.9998267168277187,0.01861548595940173,1,5,-0.47355674885436716,1.0,0,0,0.2,0.14372677093345976,464,500,0.2,1.0,1.0
32,1791120040.9716566,0.8523280620574951,-0.6240701079368591,1.493350448236404,95.8535905480407,0.8523280620574951,-0.6240701079368591,-0.001957759726792574,0.0,0.0,0.9998411756220994,0.017821995696840565,1,5,-0.4915537634064777,1.0,0,0,0.2,0.14521160277694362,464,500,0.2,1.0,1.0
33,1791120041.5804737,0.7645711898803711,-0.6151397824287415,1.560248522186976,95.74306770123596,0.7645711898803711,-0.6151397824287415,-0.004672762006521225,0.0,0.0,-0.9998779150196015,0.01562546178692049,1,5,-0.4892596155195994,1.0,0,0,0.2,-0.038646417756125484,500,490,0.2,1.0,1.0
34,1791120042.1888294,0.6583238840103149,-0.6198888421058655,1.5836209565457295,95.60490971234185,0.6583238840103149,-0.6198888421058655,-0.002504861680790782,0.0,0.0,-0.9996270419133347,0.02730891934141906,1,5,-0.5044706364209329,1.0,0,0,0.2,-0.04751670194612293,500,488,0.2,1.0,1.0
35,1791120042.7971418,0.5641835927963257,-0.6248126029968262,1.5821162705298342,95.40119560067973,0.5641835927963257,-0.6248126029968262,-0.0022520602215081453,0.0,0.0,-0.999647304681481,0.026556849268130494,1,5,-0.5151809408297845,1.0,0,0,0.2,0.08072530099427795,480,500,0.2,1.0,1.0
36,1791120043.4055214,0.470169335603714,-0.6269916296005249,1.6308446616272327,95.21718565785393,0.470169335603714,-0.6269916296005249,-0.0020466120913624763,0.0,0.0,-0.99870364477283,0.050902160243598185,1,5,-0.48465733837295566,1.0,0,0,0.17915041098516693,0.4333422960632701,391,500,0.17915041098516693,1.0,1.0
37,1791120044.0140002,0.384063184261322,-0.6233290433883667,1.8666638477282227,95.06908029261528,0.384063184261322,-0.6233290433883667,-0.0011152421357110143,0.0,0.0,-0.9857814037545949,0.16803280635524814,1,5,-0.5481750851138929,1.0,0,0,0.05898133200729103,0.6283185307179586,95,253,0.05898133200729103,1.0,1.0
38,1791120044.6226838,0.3365403711795807,-0.6162472367286682,2.167496654992446,94.96908029261529,0.3365403711795807,-0.6162472367286682,-0.0024850862100720406,0.0,0.0,-0.949471024505177,0.3138547014544942,1,5,-0.4901221481224154,1.0,0,0,0.19489057823838452,-0.6283185307179586,500,343,0.19489057823838452,1.0,1.0
39,1791120045.23104,0.2853626012802124,-0.6659039258956909,2.043881505622565,94.85804954355508,0.2853626012802124,-0.6659039258956909,-0.0014927448937669396,0.0,0.0,-0.9670442776806537,0.2546082579279444,1,5,-0.4921655564018329,1.0,0,0,0.2,-0.6283185307179586,500,343,0.2,1.0,1.0
40,1791120045.839212,0.21984708309173584,-0.7186117768287659,1.7929121287123317,94.72060685878574,0.21984708309173584,-0.7186117768287659,-0.001729078940115869,0.0,0.0,-0.9913061825505719,0.13157527289355053,1,5,-0.4998508258049097,1.0,0,0,0.2,-0.6283185307179586,500,343,0.2,1.0,1.0
41,1791120046.4476032,0.13724853098392487,-0.7554692029953003,1.5154749253083466,94.5887560986376,0.13724853098392487,-0.7554692029953003,-0.0007688216282986104,0.0,0.0,0.9999771465497772,0.006760649241417353,1,5,-0.5322094160314446,1.0,0,0,0.2,-0.6283185307179586,500,343,0.2,1.0,1.0
42,1791120047.0563743,0.05955987051129341,-0.7659378051757812,1.2409813138572252,94.46822403606488,0.05955987051129341,-0.7659378051757812,-0.0009487964562140405,0.0,0.0,0.9896488262975452,0.14351028049547895,1,5,-0.5908894355925847,1.0,0,0,0.09293446202742199,-0.6283185307179586,353,195,0.09293446202742199,1.0,1.0
43,1791120047.6649384,-0.013443505391478539,-0.7684042453765869,0.9364704148114935,94.29094434409338,-0.013443505391478539,-0.7684042453765869,-0.0017136208480224013,0.0,0.0,0.9564341877056128,0.2919480169275081,1,5,-0.4707090571787784,1.0,0,0,-0.2,-0.6283185307179586,-343,-500,-0.2,1.0,1.0
44,1791120048.2733088,-0.0077127073891460896,-0.8007098436355591,0.7321004980232493,94.19094434409338,-0.0077127073891460896,-0.8007098436355591,-0.0023495196364820004,0.0,0.0,0.9216642949633956,0.38798830831563313,1,5,-0.47170099262754017,1.0,0,0,-0.1310961356422656,-0.6283185307179586,-308,-465,-0.1310961356422656,1.0,1.0
45,1791120048.882175,0.015886742621660233,-0.8898793458938599,0.36397187369965067,94.09094434409339,0.015886742621660233,-0.8898793458938599,-0.0009786707814782858,0.0,0.0,0.8350832515060926,0.5501235888907255,1,5,-0.3865847284995121,1.0,0,0,0.1307268113039569,0.6283185307179586,307,464,0.1307268113039569,1.0,1.0
46,1791120049.490695,0.004941868595778942,-0.8483628630638123,0.4885621395026649,93.99094434409339,0.004941868595778942,-0.8483628630638123,-0.003276919247582555,0.0,0.0,0.8677112897076825,0.49706852416324887,1,5,-0.4502328364791507,1.0,0,0,0.1867329532162573,0.6283185307179586,343,500,0.1867329532162573,1.0,1.0
47,1791120050.099165,-0.020444005727767944,-0.7680550813674927,0.7854609252046219,93.8909443440934,-0.020444005727767944,-0.7680550813674927,-0.002363191219046712,0.0,0.0,0.9316866614002591,0.36326294191513514,1,5,-0.584396987417671,1.0,0,0,-0.038223224460342126,0.6283185307179586,-191,-34,-0.038223224460342126,1.0,1.0
48,1791120050.7073333,0.0016162050887942314,-0.7451386451721191,1.120673544245114,93.7909443440934,0.0016162050887942314,-0.7451386451721191,-0.0005619352450594306,0.0,0.0,0.9792313534264947,0.20274603933619856,1,5,-0.5312093080948436,1.0,0,0,0.133175865273046,0.6283185307179586,314,471,0.133175865273046,1.0,1.0
49,1791120051.3156261,-0.02959398366510868,-0.7031680941581726,1.3591447061596051,93.69094434409341,-0.02959398366510868,-0.7031680941581726,0.006804192438721657,0.0,0.0,0.9963959702922858,0.08482376073538851,1,5,-0.5055166350959188,1.0,0,0,0.09412139170263746,0.6283185307179586,199,356,0.09412139170263746,1.0,1.0
50,1791120051.9242883,-0.09323456883430481,-0.6798033714294434,1.6944441442516327,93.51370473960111,-0.09323456883430481,-0.6798033714294434,-0.0004183284763712436,0.0,0.0,-0.9965803282674403,0.0826295910092805,1,5,-0.5126059054153191,1.0,0,0,0.2,0.6283185307179586,343,500,0.2,1.0,1.0
