tick,timestamp,x,y,heading,battery,raw_x,raw_y,raw_z,qx,qy,qz,qw,front_d,back_d,ir_front_max,ir_rear_max,v,w,left,right
1,1791118790.1047013,1.378224492073059,0.062193792313337326,1.5877728470300916,100.0,1.378224492073059,0.062193792313337326,-0.002538922242820263,0.0,0.0,0.9999146966884256,0.01306136847706826,-0.5508511807469642,1.0,0,0,0.12248947750782073,0.6283185307179586,282,440
2,1791118790.7139556,1.3329850435256958,0.0771559476852417,1.7677988082939216,99.79141791318901,1.3329850435256958,0.0771559476852417,-0.003531808266416192,0.0,0.0,-0.9970407139887381,0.07687531885350127,1.0,1.0,0,0,0.18542666192939064,0.6283185307179586,468,500
3,1791118791.322558,1.242013931274414,0.06273703277111053,1.9148724121257654,99.44626851313654,1.242013931274414,0.06273703277111053,-0.0032681783195585012,0.0,0.0,-0.9886980279989123,0.14992067712981463,1.0,1.0,0,0,0.19804104520730825,0.6283185307179586,500,500
4,1791118791.9313157,1.1591002941131592,0.03672495856881142,1.9393255572548727,99.23384830660308,1.1591002941131592,0.03672495856881142,-0.0022023289930075407,0.0,0.0,-0.9867911587729663,0.1619975585232891,-0.650557171068453,1.0,0,0,-0.016359882354736312,-0.6283185307179586,31,-127
5,1791118792.5403025,1.1554993391036987,0.011616780422627926,1.69844689771495,99.13384830660308,1.1554993391036987,0.011616780422627926,-0.00350324553437531,0.0,0.0,-0.9991065331984995,0.042262694188558915,-0.7228979342677246,1.0,0,0,-0.01780026435852049,-0.6283185307179586,26,-131
6,1791118793.1499183,1.156043291091919,-0.01606852188706398,1.3592286180788697,99.03384830660309,1.156043291091919,-0.01606852188706398,-0.0034856100101023912,0.0,0.0,0.991903992635947,0.12699003658896751,-0.7378969489656824,1.0,0,0,-0.004395670890808101,-0.6283185307179586,66,-92
7,1791118793.758932,1.1496047973632812,-0.04881886765360832,1.0066362097645216,98.9338483066031,1.1496047973632812,-0.04881886765360832,-0.004152261186391115,0.0,0.0,0.9542574414563071,0.29898617932149063,-0.7435071932445376,1.0,0,0,-0.005039520263671871,-0.6283185307179586,64,-94
8,1791118794.367712,1.1152065992355347,-0.06432144343852997,0.6528605589778502,98.82752996253053,1.1152065992355347,-0.06432144343852997,-0.0025223116390407085,0.0,0.0,0.8867556558379939,0.46223847399294815,-0.39367332699498647,-0.6516463277486915,0,0,-0.00847934007644653,-0.6283185307179586,54,-104
9,1791118794.975986,1.085793375968933,-0.07704311609268188,0.30222623985498265,98.72752996253054,1.085793375968933,-0.07704311609268188,-0.004975484684109688,0.0,0.0,0.7925389772172784,0.6098212603635513,-0.3948184358024084,-0.6632094136988584,0,0,-0.010407954853359325,-0.6283185307179586,48,-109
10,1791118795.584255,1.0548911094665527,-0.0801876038312912,-0.042153379131725455,98.62752996253055,1.0548911094665527,-0.0801876038312912,3.4224649425596e-05,0.0,0.0,0.6763319656703197,0.7365969537084182,-0.4081813038936527,-0.6690370265432525,0,0,0.005784189527435724,-0.6283185307179586,96,-62
11,1791118796.1927352,1.0252846479415894,-0.06449473649263382,-0.390725079990327,98.52752996253055,1.0252846479415894,-0.06449473649263382,-0.001736968639306724,0.0,0.0,0.5383564753080934,0.842717215614969,-0.33460342515927877,-0.672350699819452,0,0,0.0006381178568587665,-0.6283185307179586,81,-77
12,1791118796.8009799,1.0042915344238281,-0.03621751070022583,-0.7750295450379854,98.42752996253056,1.0042915344238281,-0.03621751070022583,-0.0022732452489435673,0.0,0.0,0.36751293349014663,0.930018410418561,-0.4164165403001068,-0.8472287604163347,0,0,0.0,-0.6283185307179586,79,-79
13,1791118797.4094882,0.9908247590065002,-0.006301922257989645,-1.1339535522649706,98.32752996253056,0.9908247590065002,-0.006301922257989645,-0.0028974388260394335,0.0,0.0,0.1956021147120941,0.9806833396770626,1.0,-0.847053000506038,0,0,0.0,0.6283185307179586,-79,79
14,1791118798.0178068,0.9934536814689636,-0.016668226569890976,-0.976994327756266,98.22752996253057,0.9934536814689636,-0.016668226569890976,-0.0044440883211791515,0.0,0.0,0.2718847310035398,0.9623298255001415,1.0,-0.8507917916980572,0,0,0.0,-0.6283185307179586,79,-79
15,1791118798.6267283,0.9921518564224243,-0.0006277012289501727,-1.185446537600466,98.12752996253057,0.9921518564224243,-0.0006277012289501727,-0.0034915327560156584,0.0,0.0,0.1702909207719386,0.9853938310658563,1.0,-0.8409524822765475,0,0,0.0,0.6283185307179586,-79,79
16,1791118799.2351835,0.9957298040390015,-0.015245093032717705,-0.9945794134606545,98.02752996253058,0.9957298040390015,-0.015245093032717705,-0.002521658781915903,0.0,0.0,0.2634130043222009,0.9646831547995187,1.0,-0.8483914556451423,0,0,0.0,-0.6283185307179586,79,-79
17,1791118799.8435557,0.9919512867927551,0.0010969158029183745,-1.194138429608212,97.92752996253058,0.9919512867927551,0.0010969158029183745,-0.003920024260878563,0.0,0.0,0.16600685770945495,0.9861245982092895,1.0,-0.8389667809454395,0,0,0.0003676770299666399,0.6283185307179586,-78,80
18,1791118800.451905,0.9952363967895508,-0.012014856562018394,-1.0243752925001384,97.82752996253059,0.9952363967895508,-0.012014856562018394,-0.003449088428169489,0.0,0.0,0.24901251312019232,0.9685002675836316,1.0,-0.8471647666012732,0,0,0.0,-0.6283185307179586,79,-79
19,1791118801.0616615,0.9923838376998901,0.002173709450289607,-1.2018126944739254,97.7275299625306,0.9923838376998901,0.002173709450289607,-0.0035946930292993784,0.0,0.0,0.16222175420966173,0.9867543273080388,1.0,-0.8379877800746399,0,0,0.0005644562049973711,0.6283185307179586,-77,80
20,1791118801.6701214,0.9944631457328796,-0.009783264249563217,-1.0656171050096463,97.6275299625306,0.9944631457328796,-0.009783264249563217,-0.0031365237664431334,0.0,0.0,0.22898963434488873,0.973428860966529,1.0,-0.8477477108976633,0,0,0.0,-0.6283185307179586,79,-79
21,1791118802.2786644,0.9927125573158264,0.004210968967527151,-1.2267760679783783,97.52752996253061,0.9927125573158264,0.004210968967527151,-0.00349841034039855,0.0,0.0,0.14989307928908854,0.9887022123881564,1.0,-0.8360970538378146,0,0,0.00094449217859926,0.6283185307179586,-76,82
22,1791118802.8872738,0.9944190979003906,-0.005637444090098143,-1.1003219223074456,97.42752996253061,0.9944190979003906,-0.005637444090098143,-0.0034457105211913586,0.0,0.0,0.2120646724054393,0.9772556342726164,1.0,-0.8401951888296605,0,0,0.00012076704523824034,-0.6283185307179586,79,-78
23,1791118803.4961655,0.9930813312530518,0.003376410575583577,-1.2349664867528625,97.32752996253062,0.9930813312530518,0.003376410575583577,-0.0036889861803501844,0.0,0.0,0.1458428911178458,0.9893077635955295,1.0,-0.8343271489839368,0,0,0.001300243054228706,0.6283185307179586,-75,83
24,1791118804.1045294,0.994404137134552,-0.0007181415567174554,-1.1348312635812334,97.22752996253062,0.994404137134552,-0.0007181415567174554,-0.0035187811590731144,0.0,0.0,0.19517171745753156,0.9807690863320874,1.0,-0.8394008651929036,0,0,0.0002804260962263716,0.6283185307179586,-78,80
25,1791118804.713026,1.0079154968261719,-0.03233075886964798,-0.7509537698353421,97.12752996253063,1.0079154968261719,-0.03233075886964798,-0.0034186786506325006,0.0,0.0,0.37868149222992803,0.9255270538685052,1.0,-0.8314828841514295,0,0,0.0018719402855626622,-0.6283185307179586,84,-73
26,1791118805.3237915,1.0005197525024414,-0.019325342029333115,-0.9622173456842842,97.02752996253064,1.0005197525024414,-0.019325342029333115,-0.0033111784141510725,0.0,0.0,0.27898741056991816,0.9602947593023154,1.0,-0.8400478171591412,0,0,0.00015038875101260342,-0.6283185307179586,79,-78
27,1791118805.932426,0.9910562038421631,0.010896037332713604,-1.3167298598550665,96.92752996253064,0.9910562038421631,0.010896037332713604,-0.002078983001410961,0.0,0.0,0.10528772866507961,0.9944418003043459,1.0,-0.8286356517207979,0,0,0.002444234004119611,0.6283185307179586,-72,86
28,1791118806.541902,0.9967024922370911,0.0019122345838695765,-1.150581997216289,96.82752996253065,0.9967024922370911,0.0019122345838695765,-0.0035124977584928274,0.0,0.0,0.18744182859993894,0.9822757051312585,1.0,-0.8313960380086545,0,0,0.0018893963602604593,0.6283185307179586,-73,84
29,1791118807.1508157,1.0079058408737183,-0.0254201740026474,-0.8218017111566653,96.72752996253065,1.0079058408737183,-0.0254201740026474,-0.0026630936190485954,0.0,0.0,0.34566493467778703,0.9383580089359291,1.0,-0.8276061294648271,0,0,0.0026511679775697294,-0.6283185307179586,87,-71
30,1791118807.759448,1.0033828020095825,-0.014072694815695286,-0.9943676921539932,96.62752996253066,1.0033828020095825,-0.014072694815695286,-0.003171661403030157,0.0,0.0,0.2635151248350683,0.9646552643214872,1.0,-0.8335635174222839,0,0,0.001453732998120938,-0.6283185307179586,83,-74
31,1791118808.368011,0.9976527690887451,0.01484556682407856,-1.3325922132293102,96.52752996253066,0.9976527690887451,0.01484556682407856,-0.006504830904304981,0.0,0.0,0.09739740625995048,0.9952455703261553,1.0,-0.8154856485907988,0,0,0.005087384633249453,0.6283185307179586,-64,94
32,1791118808.9763212,0.9941025972366333,0.0044968570582568645,-1.203484793453845,96.42752996253067,0.9941025972366333,0.0044968570582568645,0.0026846493128687143,0.0,0.0,0.1613967221589306,0.9868896078469734,1.0,-0.8312150410107908,0,0,0.0019257767568310491,0.6283185307179586,-73,84
33,1791118809.585367,1.0121667385101318,-0.019087491557002068,-0.8739714390146638,96.32752996253068,1.0121667385101318,-0.019087491557002068,-0.003509840462356806,0.0,0.0,0.3210731773494401,0.9470543885050821,1.0,-0.8190372253303009,0,0,0.00437351770860952,-0.6283185307179586,92,-66
34,1791118810.194547,1.0101521015167236,-0.009696447290480137,-1.0031360834640521,96.22752996253068,1.0101521015167236,-0.009696447290480137,-0.0033464764710515738,0.0,0.0,0.2592833684344462,0.9658012915984774,1.0,-0.8190309557739319,0,0,0.004374777889439674,-0.6283185307179586,92,-66
35,1791118810.8034754,1.0011364221572876,0.021917719393968582,-1.3516250432365362,96.12752996253069,1.0011364221572876,0.021917719393968582,-0.0033354053739458323,0.0,0.0,0.08792196911030253,0.9961273650230512,1.0,-0.7998171652627145,0,0,0.00823674978219438,0.6283185307179586,-54,103
36,1791118811.4121926,1.0116671323776245,0.013401908800005913,-1.21484966695819,96.02752996253069,1.0116671323776245,0.013401908800005913,-0.0030830770265311003,0.0,0.0,0.15578620881092464,0.9877907962439815,1.0,-0.7960854226900148,0,0,0.00898683003930702,0.6283185307179586,-52,105
37,1791118812.0208387,1.0256080627441406,-0.014199369587004185,-0.8680707395664022,95.9275299625307,1.0256080627441406,-0.014199369587004185,-0.0028128756675869226,0.0,0.0,0.3238659175497583,0.9461029898745977,1.0,-0.7850257492601885,0,0,0.011209824398702096,-0.6283185307179586,112,-46
38,1791118812.6292717,1.0245888233184814,0.00369151565246284,-1.0563928138104797,95.8275299625307,1.0245888233184814,0.00369151565246284,-0.0029444540850818157,0.0,0.0,0.233476778548992,0.9723623778604276,1.0,-0.7829015400797402,0,0,0.011636790443972223,-0.6283185307179586,113,-44
39,1791118813.2377267,1.024435043334961,0.03733985871076584,-1.4182820927860782,95.72752996253071,1.024435043334961,0.03733985871076584,-0.003274199552834034,0.0,0.0,0.05467983255175756,0.9985039388565835,1.0,-0.7531650000395534,0,0,0.017556495666503903,0.6283185307179586,-27,131
40,1791118813.8464086,1.0360311269760132,0.026902630925178528,-1.2463448425102261,95.62752996253072,1.0360311269760132,0.026902630925178528,-0.002853037789463997,0.0,0.0,0.14021221341236137,0.9901214749766851,1.0,-0.7429887825203603,0,0,0.016396887302398678,0.6283185307179586,-30,127
41,1791118814.4546683,1.0492078065872192,0.004072132054716349,-0.9487217768603076,95.52752996253072,1.0492078065872192,0.004072132054716349,-0.003131838282570243,0.0,0.0,0.28546087191739555,0.9583903644153359,1.0,-0.7294399952622622,0,0,0.015079219341278073,-0.6283185307179586,123,-34
42,1791118815.0629046,1.0543100833892822,0.01956600323319435,-1.1194232454889574,95.42752996253073,1.0543100833892822,0.01956600323319435,-0.0026589506305754185,0.0,0.0,0.20272170476545986,0.9792363914893001,1.0,-0.7097669779683395,0,0,0.014568991661071774,0.6283185307179586,-36,122
43,1791118815.6714795,1.064619779586792,0.014199822209775448,-0.9824776432826847,95.32752996253073,1.064619779586792,0.014199822209775448,-0.002675699070096016,0.0,0.0,0.26924533343638896,0.9630716226858352,1.0,-0.6830394738685103,0,0,0.013538022041320798,-0.027700848455571636,43,36
44,1791118816.2803328,1.0728800296783447,0.009931475855410099,-0.8916999026542394,95.22752996253074,1.0728800296783447,0.009931475855410099,-0.0033441204577684402,0.0,0.0,0.31266576362456866,0.949863211339962,1.0,-0.6658545880379974,0,0,0.012711997032165523,-0.6283185307179586,116,-41
45,1791118816.888826,1.0746195316314697,0.03305327892303467,-1.1202504566130496,95.12752996253074,1.0746195316314697,0.03305327892303467,-0.002980366814881563,0.0,0.0,0.20231666981917334,0.9793201545527793,1.0,-0.6354009206597349,0,0,0.012538046836853023,0.6037341619777252,-39,113
46,1791118817.497479,1.0771162509918213,0.028167283162474632,-1.0339310806759925,95.02752996253075,1.0771162509918213,0.028167283162474632,-0.0029407325200736523,0.0,0.0,0.2443822967661483,0.9696789638985174,1.0,-0.6117284806452523,0,0,0.012288374900817868,0.6283185307179586,-43,115
47,1791118818.1060262,1.1048424243927002,0.005704905837774277,-0.6676658701671223,94.92752996253076,1.1048424243927002,0.005704905837774277,-0.003436643397435546,0.0,0.0,0.4168846443966225,0.9089594013300603,1.0,-0.5591062225516292,0,0,0.009515757560729976,0.6283185307179586,-51,107
48,1791118818.7147105,1.128957986831665,-0.010985884815454483,-0.33090715295578477,94.82752996253076,1.128957986831665,-0.010985884815454483,-0.0035238435957580805,0.0,0.0,0.5633167417314596,0.8262410353432297,1.0,-0.21051394708570736,0,0,0.007104201316833492,0.6283185307179586,-58,100
49,1791118819.3230674,1.1560789346694946,-0.018124129623174667,-0.01179667165618481,94.72752996253077,1.1560789346694946,-0.018124129623174667,-0.0035772989504039288,0.0,0.0,0.687433959506402,0.7262468941877483,1.0,-0.20886959454968523,0,0,0.004392106533050533,0.6283185307179586,-66,92
50,1791118819.9315324,1.1859911680221558,-0.017435478046536446,0.3180394246176004,94.62752996253077,1.1859911680221558,-0.017435478046536446,-0.0008377771591767669,0.0,0.0,0.7973357627698532,0.6035359818670436,-0.1413328828827446,1.0,0,0,0.06733330104723222,0.6283185307179586,120,277
51,1791118820.5399265,1.2023831605911255,0.017883382737636566,0.6626679160081763,94.52752996253078,1.2023831605911255,0.017883382737636566,-0.006232309155166149,0.0,0.0,0.8890116541579185,0.45788456926544446,-0.16756427554815467,1.0,0,0,0.17221435890532913,0.6283185307179586,429,500
52,1791118821.1493804,1.1654508113861084,0.07391449809074402,0.8055049631779223,94.42752996253078,1.1654508113861084,0.07391449809074402,-0.002173089189454913,0.0,0.0,0.9194190162919595,0.39327938222175507,-0.2690231049568411,1.0,0,0,0.2,0.6283185307179586,500,500
53,1791118821.7576663,1.104533076286316,0.13481292128562927,0.8588531398182804,94.31563134836058,1.104533076286316,0.13481292128562927,-0.0021988539956510067,0.0,0.0,0.9295810741828366,0.3686177241005695,-0.37231623501888156,1.0,0,0,0.2,0.6283185307179586,500,500
54,1791118822.365982,1.0405628681182861,0.19293946027755737,0.8940534715264032,94.18526973304235,1.0405628681182861,0.19293946027755737,-0.002942165592685342,0.0,0.0,0.9359244998088746,0.3522006965602254,-0.4579767001558338,1.0,0,0,0.16558263066780854,0.6283185307179586,410,500
55,1791118822.9743807,0.9820721745491028,0.2524489164352417,1.0130464385083418,94.07144130371519,0.9820721745491028,0.2524489164352417,-0.003410991979762912,0.0,0.0,0.9552108232921966,0.29592614461288114,-0.5343842589257921,1.0,0,0,0.11645964526260984,0.6283185307179586,265,422
56,1791118823.5829782,0.93445885181427,0.3014886975288391,1.2508917575666647,93.93578385235466,0.93445885181427,0.3014886975288391,-0.0047301556915044785,0.0,0.0,0.9835736293175891,0.1805073840900307,-0.61417584961012,1.0,0,0,-0.10609749519864209,0.6283185307179586,-392,-234
57,1791118824.1916933,0.9651368260383606,0.31768113374710083,1.4727463921757158,93.83578385235467,0.9651368260383606,0.31768113374710083,-0.005717422813177109,0.0,0.0,0.9975106205158418,0.07051639495961375,-0.6141695734411787,1.0,0,0,-0.023486317396163938,0.6283185307179586,-148,9
58,1791118824.8005934,0.9986233115196228,0.34309959411621094,1.8216673666112815,93.73578385235467,0.9986233115196228,0.34309959411621094,-0.0036858224775642157,0.0,0.0,-0.9946087506148823,0.10369876180699052,-0.5522230624676289,1.0,0,0,-0.020137668848037717,0.6283185307179586,-138,19
59,1791118825.4095173,1.0057402849197388,0.3758646547794342,2.129554887603124,93.63578385235468,1.0057402849197388,0.3758646547794342,-0.003649383783340454,0.0,0.0,-0.9669457506626892,0.2549821861922292,-0.247787291222885,1.0,0,0,-0.01942597150802612,-0.2957055861476753,-20,-94
60,1791118826.0181386,1.0130833387374878,0.3794812262058258,2.0674550309885475,93.53578385235468,1.0130833387374878,0.3794812262058258,-0.0036489455960690975,0.0,0.0,-0.9743955793607275,0.22484050996711477,-0.20109466527923892,1.0,0,0,-0.018691666126251217,-0.6283185307179586,24,-134
61,1791118826.6267276,1.0314035415649414,0.3563695251941681,1.7659851955915782,93.43578385235469,1.0314035415649414,0.3563695251941681,-0.003671366488561034,0.0,0.0,-0.9971100150744249,0.07597116451838998,-0.35394995034155396,1.0,0,0,0.2,0.09795313651015769,500,500
62,1791118827.2350554,0.9722801446914673,0.34303921461105347,1.698720138042792,93.2811348253433,0.9722801446914673,0.34303921461105347,-0.004068906418979168,0.0,0.0,-0.9991007499381134,0.042399191892056376,-0.34122911012139645,1.0,0,0,0.2,0.39834079880206597,500,500
63,1791118827.8433278,0.8810269236564636,0.33187437057495117,1.7000021837915567,93.06500764599947,0.8810269236564636,0.33187437057495117,-0.004578222520649433,0.0,0.0,-0.9990733658177164,0.0430396295715854,-0.3559755531053812,1.0,0,0,0.2,0.5880729167825368,500,500
64,1791118828.451937,0.7952661514282227,0.3254101872444153,1.7086089878024744,92.85176768970963,0.7952661514282227,0.3254101872444153,-0.004446470644325018,0.0,0.0,-0.9988788985213437,0.04733863209670352,-0.37177210814799677,1.0,0,0,0.2,0.6283185307179586,500,500
65,1791118829.0602176,0.7070616483688354,0.3129005432128906,1.7246968776315343,92.63157235918062,0.7070616483688354,0.3129005432128906,-0.004262424074113369,0.0,0.0,-0.9984657971987355,0.05537194076690361,-0.39586037507491956,1.0,0,0,0.2,0.6283185307179586,500,500
66,1791118829.6686547,0.6205968856811523,0.30273422598838806,1.746155564430956,92.4538648084643,0.6205968856811523,0.30273422598838806,-0.0036601561587303877,0.0,0.0,-0.9978142334844792,0.06608143049133651,-0.43612907220357333,1.0,0,0,0.2,0.6283185307179586,500,500
67,1791118830.2777267,0.5314978361129761,0.29151952266693115,1.747594736684035,92.31069307313372,0.5314978361129761,0.29151952266693115,-0.0036627035588026047,0.0,0.0,-0.9977664238717934,0.0667994266000303,-0.4940799457355125,1.0,0,0,0.2,0.6283185307179586,500,500
68,1791118830.8861814,0.4461619555950165,0.27635693550109863,1.7675306279721505,92.06563559087586,0.4461619555950165,0.27635693550109863,-0.004152342211455107,0.0,0.0,-0.997051013249099,0.07674162481303806,-0.5814711098788041,1.0,0,0,-0.0735415349959173,0.1651317178373118,-238,-196
69,1791118831.494668,0.4565048813819885,0.2825146019458771,1.8192244489433511,91.96563559087586,0.4565048813819885,0.2825146019458771,-0.005090883933007717,0.0,0.0,-0.9947346723930859,0.10248381110702394,-0.567276846682027,1.0,0,0,-0.0219224813024719,0.46253051100232684,-123,-7
70,1791118832.1030521,0.46862268447875977,0.306643009185791,2.0309351029602913,91.86563559087587,0.46862268447875977,0.306643009185791,-0.004574374295771122,0.0,0.0,-0.9783384907981831,0.20701158765328426,-0.5444146228866553,1.0,0,0,-0.05,-0.014579223827887566,-146,-149
71,1791118832.7113206,0.4927232563495636,0.32044893503189087,2.0434804559073276,91.76563559087587,0.4927232563495636,0.32044893503189087,-0.004210072103887796,0.0,0.0,-0.9770207355778899,0.2131442756698825,-0.5028270037575995,1.0,0,0,-0.05,0.10334552132982511,-160,-134
72,1791118833.3198025,0.5196583867073059,0.3375311493873596,2.0736165204865546,91.66563559087588,0.5196583867073059,0.3375311493873596,-0.004421842284500599,0.0,0.0,-0.9736982802511596,0.22784130230477156,-0.4694549875581622,1.0,0,0,-0.05,0.06767137806279377,-156,-139
73,1791118833.927992,0.5451528429985046,0.3565916419029236,2.1125918830398644,91.56563559087589,0.5451528429985046,0.3565916419029236,-0.004710037261247635,0.0,0.0,-0.9690735778895577,0.2467719607984895,-0.452023695933255,1.0,0,0,-0.05,-0.09810735103364332,-135,-160
74,1791118834.536598,0.5724302530288696,0.36506199836730957,2.0648326162631463,91.46563559087589,0.5724302530288696,0.36506199836730957,-0.004279347136616707,0.0,0.0,-0.9746895541864878,0.22356268239521906,-0.4244505369100866,1.0,0,0,0.2,-0.15377696585090128,500,500
75,1791118835.1447163,0.5281277298927307,0.35106730461120605,2.058468193890075,91.34529229504801,0.5281277298927307,0.35106730461120605,-0.010787805542349815,0.0,0.0,-0.9753960415774539,0.220459887678085,-0.45695587290873274,1.0,0,0,0.2,-0.3427078874888634,500,500
76,1791118835.7527814,0.44763848185539246,0.30271679162979126,2.0947020984172573,91.04677388354415,0.44763848185539246,0.30271679162979126,-0.008604558184742928,0.0,0.0,-0.9712421290068319,0.23809394541289064,-0.5423742356274575,1.0,0,0,0.1467306480561245,-0.6283185307179586,500,354
77,1791118836.361334,0.381436824798584,0.2554425001144409,1.9100949674462724,90.75819039866609,0.381436824798584,0.2554425001144409,-0.0038812453858554363,0.0,0.0,-0.9890533257776192,0.14755852658599808,-0.6308073615069363,1.0,1358,0,-0.16883088134842322,-0.6283185307179586,-419,-500
78,1791118836.9704173,0.40079212188720703,0.24894759058952332,1.8115343049796389,90.6581903986661,0.40079212188720703,0.24894759058952332,-0.009154661558568478,0.0,0.0,-0.9951213756953837,0.09865823652451426,-0.6296379244077084,1.0,0,0,-0.042442777194050596,-0.6283185307179586,-46,-204
79,1791118837.5787523,0.44686266779899597,0.24125909805297852,1.5803729876251973,90.5581903986661,0.44686266779899597,0.24125909805297852,-0.003909705672413111,0.0,0.0,0.9998595265052879,0.01676088472073137,-0.5877936315328753,1.0,0,0,-0.05,-0.6283185307179586,-69,-226
80,1791118838.1875033,0.4567566215991974,0.2050190567970276,1.245717235568641,90.4581903986661,0.4567566215991974,0.2050190567970276,-0.004951483104377985,0.0,0.0,0.9831033181442304,0.1830515387911399,-0.10307956602381807,-0.4605303452773344,0,0,-0.04928273165073528,-0.6283185307179586,-67,-224
81,1791118838.795971,0.4636290669441223,0.1621304452419281,0.8695459979110574,90.35819039866611,0.4636290669441223,0.1621304452419281,-0.005412116646766663,0.0,0.0,0.9315385676189072,0.3636425401936834,1.0,-0.4612825077808548,0,0,-0.04238073047327891,-0.6283185307179586,-46,-204
82,1791118839.4049666,0.4527589678764343,0.13058088719844818,0.5416090018106079,90.25819039866612,0.4527589678764343,0.13058088719844818,-0.0038658943958580494,0.0,0.0,0.8596849807280218,0.5108245627518911,1.0,-0.4392073880572406,0,0,-0.019721035448743488,-0.6283185307179586,21,-137
83,1791118840.01319,0.43149033188819885,0.11244603246450424,0.23599342354471187,90.15819039866612,0.43149033188819885,0.11244603246450424,-0.004796989727765322,0.0,0.0,0.771913030928189,0.6357281436929285,1.0,-0.3991832631209309,0,0,0.14216130795721377,-0.6283185307179586,498,340
84,1791118840.6216877,0.4027651250362396,0.16578136384487152,-0.03866450494566731,90.05819039866613,0.4027651250362396,0.16578136384487152,-0.004852005280554295,0.0,0.0,0.6776158830079101,0.7354160149843151,1.0,-0.6035787821787642,0,0,0.14515561207054556,-0.6283185307179586,500,349
85,1791118841.2299373,0.39382994174957275,0.25104260444641113,-0.2660187003637864,89.94884346504038,0.39382994174957275,0.25104260444641113,-0.0036544413305819035,0.0,0.0,0.5898223347519359,0.8075330416941311,1.0,-0.6260629935902441,0,0,0.17264535315344376,-0.5753585218760298,500,437
86,1791118841.8392107,0.4154253304004669,0.33382079005241394,-0.3512935179422869,89.84884346504039,0.4154253304004669,0.33382079005241394,-0.00416521867737174,0.0,0.0,0.5548655975924354,0.8319400030100665,1.0,-0.5465536929610504,0,0,0.05,0.6283185307179586,69,226
87,1791118842.4474897,0.4461844861507416,0.36113542318344116,-0.10805583030877175,89.7488434650404,0.4461844861507416,0.36113542318344116,-0.005062019918113947,0.0,0.0,0.6516974436120662,0.7584790320038504,1.0,-0.4995417878843871,0,0,0.05,0.6283185307179586,69,226
88,1791118843.0558848,0.4719661474227905,0.38733208179473877,0.19617636892888246,89.6488434650404,0.4719661474227905,0.38733208179473877,-0.00466239033266902,0.0,0.0,0.7591044872589809,0.650968799116578,1.0,-0.38247888862951307,0,0,0.05,0.6283185307179586,69,226
89,1791118843.66441,0.49118325114250183,0.4171459674835205,0.4980171826657003,89.5488434650404,0.49118325114250183,0.4171459674835205,-0.0043360465206205845,0.0,0.0,0.8483477826678769,0.5294393635181432,1.0,0.11672012048961578,0,0,0.05,0.6283185307179586,69,226
90,1791118844.27284,0.5005843043327332,0.4515354335308075,0.8031613814186525,89.44884346504041,0.5005843043327332,0.4515354335308075,-0.0049339765682816505,0.0,0.0,0.9189575439799533,0.39435647878833197,1.0,1.0,0,0,0.08641962084611728,0.6283185307179586,176,334
91,1791118844.8815181,0.4843624532222748,0.4991767704486847,1.1331137246740202,89.32913447987222,0.4843624532222748,0.4991767704486847,-0.004696236457675695,0.0,0.0,0.971244887200669,0.2380826937989395,1.0,1.0,0,0,0.16532572153313707,0.6283185307179586,409,500
92,1791118845.4903977,0.4097347557544708,0.5416235327720642,1.3343517640203313,88.91557191071072,0.4097347557544708,0.5416235327720642,-0.0003304594720248133,0.0,0.0,0.990247747102639,0.13931762041517967,1.0,1.0,0,0,0.1946435743144893,0.6283185307179586,495,500
93,1791118846.0988011,0.33121028542518616,0.5624741315841675,1.3756475388314264,88.48890432523592,0.33121028542518616,0.5624741315841675,-0.005106019787490368,0.0,0.0,0.9929130759834676,0.11884285229263358,1.0,1.0,0,0,0.1864097405615852,0.6283185307179586,471,500
94,1791118846.707028,0.24830742180347443,0.5817962884902954,1.4108321578891179,88.09029930944297,0.24830742180347443,0.5817962884902954,-0.005392375867813826,0.0,0.0,0.9948500443345012,0.10135772929402613,1.0,1.0,0,0,0.18101039981562161,0.6283185307179586,455,500
95,1791118847.3156147,0.16638261079788208,0.5980610847473145,1.4629954941605003,87.56100168754655,0.16638261079788208,0.5980610847473145,-0.005856582894921303,0.0,0.0,0.9971549673982815,0.07537884977188418,1.0,1.0,0,0,0.17512670903512803,0.6283185307179586,438,500
96,1791118847.923865,0.0881834477186203,0.6119632720947266,1.5433017852512947,87.17515470030696,0.0881834477186203,0.6119632720947266,-0.005863620899617672,0.0,0.0,0.999377116012851,0.03528994176584271,1.0,1.0,0,0,0.1787226025127931,0.6283185307179586,448,500
97,1791118848.5323026,0.0060373516753315926,0.6176014542579651,1.6110512718023653,86.72997027629047,0.0060373516753315926,0.6176014542579651,-0.004224620759487152,0.0,0.0,0.9999989882079318,0.001422527016498496,1.0,1.0,0,0,0.17699323146782747,0.6283185307179586,443,500
98,1791118849.1404228,-0.0795508325099945,0.6195151805877686,1.678863342639052,86.15626522040573,-0.0795508325099945,0.6195151805877686,-0.0044571454636752605,0.0,0.0,-0.9994724572466238,0.032477795574756545,1.0,1.0,0,0,0.1762852890608812,0.6283185307179586,441,500
99,1791118849.7485514,-0.16573145985603333,0.6138306260108948,1.759612251103018,85.6885448518344,-0.16573145985603333,0.6138306260108948,-0.0031081452034413815,0.0,0.0,-0.9973470325453491,0.0727935208173535,1.0,1.0,0,0,0.17278574414192902,0.6283185307179586,431,500
