timestamp,robot,ratio_50,ratio_m50,ratio_90,mean
2026-10-04T15:11:17+02:00,robot-4,0.995,1.017,0.969,0.994
2026-10-04T15:12:38+02:00,robot-1,0.993,0.990,0.931,0.971
2026-10-04T15:13:29+02:00,robot-2,0.918,0.920,0.863,0.901
2026-10-04T15:14:23+02:00,robot-3,0.968,0.995,0.897,0.953
2026-10-04T15:15:04+02:00,robot-5,0.958,0.983,0.907,0.949
2026-10-04T15:15:44+02:00,robot-6,0.946,0.997,0.904,0.949
2026-10-04T15:16:18+02:00,robot-7,0.968,0.971,0.921,0.953
2026-10-04T15:57:46+02:00,robot-4,1.005,1.007,0.889,0.967
2026-10-04T15:58:19+02:00,robot-1,0.979,0.982,0.921,0.961
