tick,timestamp,x,y,heading,battery,wind_pct,batt_drain,raw_x,raw_y,raw_z,qx,qy,qz,qw,tracked,n_neighbors_seen,front_d,back_d,ir_front_max,ir_rear_max,v,w,left,right,v_policy,scale_corridor,scale_agent,scale_avoid
1,1791131136.2584863,1.3111727237701416,-0.0035215760581195354,1.4749695686304136,100.0,,,1.3111727237701416,-0.0035215760581195354,-0.0424821712076664,0.0,0.0,0.9998115662744801,0.019412159688474272,1,6,-0.5756183685406335,1.0,0,0,-0.11597298875374883,0.18309325379727592,-365,-319,-0.11597298875374883,1.0,1.0,1.0
2,1791131136.7660596,1.357240915298462,-0.03678649291396141,1.5184043944290604,99.9,58.44976594368862,0.05,1.357240915298462,-0.03678649291396141,-0.004132209345698357,0.0,0.0,-0.9999973457152591,0.0023040317785612066,1,6,-0.528184751228739,1.0,0,0,0.14381683484692928,-0.6283185307179586,500,343,0.14381683484692928,1.0,1.0,1.0
3,1791131137.2644608,1.3305604457855225,-0.1838536560535431,1.3935354288179704,99.72360325504019,42.25609802264514,0.08819837247991023,1.3305604457855225,-0.1838536560535431,0.16438768804073334,0.0,0.0,0.9981927091980782,0.06009422021959131,1,6,-0.5520205866747281,1.0,0,0,0.2,-0.6283185307179586,500,343,0.2,1.0,1.0,1.0
4,1791131137.7647672,1.2573468685150146,-0.019241997972130775,1.2203130451909656,99.4722457280689,40.53731765450709,0.12567876348564277,1.2573468685150146,-0.019241997972130775,-0.0020858237985521555,0.0,0.0,0.9892527513484322,0.14621557355342513,1,6,-0.49387442561262984,1.0,0,0,0.1599441887552414,0.4113463452596261,397,500,0.1599441887552414,1.0,1.0,1.0
5,1791131138.266151,1.1950644254684448,0.0021802999544888735,1.2642655895055244,99.36056090935162,35.286570933784844,0.05584240935863956,1.1950644254684448,0.0021802999544888735,-0.003448227886110544,0.0,0.0,0.9922268925195584,0.12444192927217372,1,6,-0.52667471883087,1.0,0,0,0.07479668737715604,0.6283185307179586,142,299,0.07479668737715604,1.0,1.0,1.0
6,1791131138.7639287,1.1605992317199707,0.010471176356077194,1.5044872472045245,99.26056090935163,35.286570933784844,0.05,1.1605992317199707,0.010471176356077194,-0.0052423118613660336,0.0,0.0,0.9999891676492042,0.004654522988638014,1,6,-0.5209601675404596,1.0,0,0,0.12242391565944605,0.6283185307179586,282,440,0.12242391565944605,1.0,1.0,1.0
7,1791131139.26452,1.111903190612793,0.006051866337656975,1.7519550999135216,99.16056090935163,37.786183617481996,0.05,1.111903190612793,0.006051866337656975,-0.0027875059749931097,0.0,0.0,-0.9929184237882647,0.11879816371404116,1,6,-0.5143437451590228,1.0,0,0,0.17557351304917881,0.6283185307179586,343,500,0.17557351304917881,1.0,1.0,1.0
8,1791131139.764562,1.0543442964553833,-0.008768871426582336,1.9507006867956278,99.01853099539233,49.86906975182577,0.07101495697964956,1.0543442964553833,-0.008768871426582336,-0.0035304315388202667,0.0,0.0,-0.9762340603695115,0.21671884868293478,1,6,-0.5500961321748805,1.0,0,0,0.11846278451040992,0.6283185307179586,271,428,0.11846278451040992,1.0,1.0,1.0
9,1791131140.2647727,1.0037678480148315,-0.03658083826303482,2.1898304484476956,98.88583553143442,50.84626279651038,0.06634773197895277,1.0037678480148315,-0.03658083826303482,-0.000904350308701396,0.0,0.0,-0.9434140962362942,0.3316170125651821,1,6,-0.568340924971291,1.0,0,0,0.040496412917176865,-0.5938413003873292,194,45,0.040496412917176865,1.0,1.0,1.0
10,1791131140.7661417,0.979824423789978,-0.05409377068281174,2.020950348978065,98.78583553143443,41.45804446560672,0.05,0.979824423789978,-0.05409377068281174,-0.003322558244690299,0.0,0.0,-0.9680212582768275,0.25086817957674024,1,6,-0.5464394282561094,1.0,0,0,0.07205660637197102,-0.6283185307179586,291,134,0.07205660637197102,1.0,1.0,1.0
11,1791131141.2648458,0.946999728679657,-0.06595532596111298,1.7647007225745313,98.68583553143444,41.45804446560672,0.05,0.946999728679657,-0.06595532596111298,-0.004245521035045385,0.0,0.0,-0.9921411881361579,0.12512339031441258,1,6,-0.5320680659506262,1.0,0,0,0.16695446816656231,-0.6283185307179586,500,343,0.16695446816656231,1.0,1.0,1.0
12,1791131141.7644513,0.8906354904174805,-0.0739748626947403,1.5974579345430815,98.55627811873647,47.21960131683042,0.0647787063489832,0.8906354904174805,-0.0739748626947403,-0.0038088804576545954,0.0,0.0,-0.9991252194935396,0.04181860557199735,1,6,-0.5472624959067822,1.0,0,0,0.2,-0.6283185307179586,500,343,0.2,1.0,1.0,1.0
13,1791131142.264172,0.8247711062431335,-0.07144003361463547,1.407192118887897,98.37137610569792,55.929820135286235,0.09245100651927718,0.8247711062431335,-0.07144003361463547,-0.004334416706115007,0.0,0.0,0.9985797791556477,0.053276867977179926,1,6,-0.6119171277901396,1.0,0,0,0.01175498259370793,-0.6283185307179586,113,-44,0.01175498259370793,1.0,1.0,1.0
14,1791131142.76497,0.8066918253898621,-0.06693706661462784,1.1863942265993899,98.27137610569793,43.87910437679924,0.05,0.8066918253898621,-0.06693706661462784,-0.003681674599647522,0.0,0.0,0.9866308786582827,0.1629708847554833,1,6,-0.38886833718964087,1.0,0,0,0.09938655772781715,-0.6283185307179586,372,214,0.09938655772781715,1.0,1.0,1.0
15,1791131143.265367,0.7737777233123779,-0.050589822232723236,0.9337340087130643,98.17137610569793,46.68176811614493,0.05,0.7737777233123779,-0.050589822232723236,-0.004746400285512209,0.0,0.0,0.9582349650504438,0.2859820829261418,1,6,-0.5836949695523133,-0.5792218888960117,0,0,0.04787700605038179,0.3373634244367416,99,183,0.04787700605038179,1.0,1.0,1.0
16,1791131143.7644172,0.7485655546188354,-0.024513740092515945,1.0300541537546142,98.07137610569794,43.100280117107374,0.05,0.7485655546188354,-0.024513740092515945,-0.015986230224370956,0.0,0.0,0.970891512621919,0.23951966666376726,1,6,-0.5795117305083877,1.0,0,0,0.0093884545961765,0.6283185307179586,-51,106,0.0093884545961765,1.0,1.0,1.0
17,1791131144.2636876,0.7462164759635925,-0.03041914477944374,1.268121314131741,97.97137610569794,43.100280117107374,0.05,0.7462164759635925,-0.03041914477944374,-0.005064221099019051,0.0,0.0,0.9924649553955582,0.12252882237127974,1,6,-0.5292854075263813,1.0,0,0,0.19976459251712772,0.6283185307179586,343,500,0.19976459251712772,1.0,1.0,1.0
18,1791131144.763622,0.7060924768447876,-0.038874804973602295,1.4737423840001052,97.87137610569795,41.15294070308925,0.05,0.7060924768447876,-0.038874804973602295,0.015116981230676174,0.0,0.0,0.9997994669109357,0.02002563268935185,1,6,-0.5067621517539289,1.0,0,0,0.2,0.2438186146480351,439,500,0.2,1.0,1.0,1.0
19,1791131145.263838,0.6307926774024963,-0.018785370513796806,1.5405240778110407,97.73046476670376,37.44533836425884,0.0704556694970959,0.6307926774024963,-0.018785370513796806,-0.00475485622882843,0.0,0.0,-0.9999107047446745,0.013363477728812214,1,6,-0.5546303675541318,1.0,0,0,0.11880503736524567,0.21256431095155032,324,377,0.11880503736524567,1.0,1.0,1.0
20,1791131145.7649517,0.5712025761604309,-0.020291434600949287,1.6445319699713217,97.62181764466347,37.44533836425884,0.05432356102014832,0.5712025761604309,-0.020291434600949287,-0.0044369762763381,0.0,0.0,-0.9978642845970435,0.06532127927123468,1,6,-0.5639128245309752,1.0,0,0,0.09326753366112722,-0.43907805093582175,330,220,0.09326753366112722,1.0,1.0,1.0
21,1791131146.2638404,0.5239931344985962,-0.022464096546173096,1.5182581868852143,97.52181764466347,23.52492450537586,0.05,0.5239931344985962,-0.022464096546173096,-0.005015045404434204,0.0,0.0,-0.9999975114765989,0.002230928194585165,1,6,-0.5536531355515751,1.0,0,0,0.16111880034936218,-0.6283185307179586,500,343,0.16111880034936218,1.0,1.0,1.0
22,1791131146.7634866,0.4628050923347473,-0.019293976947665215,1.3549797804524575,97.42181764466348,22.82764072264159,0.05,0.4628050923347473,-0.019293976947665215,-0.006485932506620884,0.0,0.0,0.9968488194579066,0.07932484570030957,1,6,-0.5551282682663212,1.0,0,0,0.11902699873369281,-0.6283185307179586,430,272,0.11902699873369281,1.0,1.0,1.0
23,1791131147.2637095,0.40976372361183167,-0.00015326145512517542,1.1591644697177657,97.32181764466348,31.92314602078662,0.05,0.40976372361183167,-0.00015326145512517542,-0.004701174795627594,0.0,0.0,0.9843206764592101,0.17638822493262746,1,6,-0.5736562126327542,1.0,0,0,0.0789551194014731,-0.47802836472723476,293,173,0.0789551194014731,1.0,1.0,1.0
24,1791131147.7636852,0.36671680212020874,0.02177107334136963,0.9521279297300236,97.22181764466349,44.455026456538626,0.05,0.36671680212020874,0.02177107334136963,-0.002929861657321453,0.0,0.0,0.9608245684679805,0.2771572633511867,1,6,-0.5684596295314714,-0.5446767083947794,0,0,0.04742898471683302,0.588756008756051,66,214,0.04742898471683302,1.0,1.0,1.0
25,1791131148.2650137,0.3490288257598877,0.03437415137887001,1.1646551089371817,97.1218176446635,44.455026456538626,0.05,0.3490288257598877,0.03437415137887001,-0.00418362719938159,0.0,0.0,0.9848012086020226,0.17368528877252556,1,6,-0.5341230942618674,1.0,0,0,0.1482055905117354,0.6283185307179586,343,500,0.1482055905117354,1.0,1.0,1.0
26,1791131148.7638013,0.30296236276626587,0.048042379319667816,1.3688580455250783,97.0218176446635,29.45954433120051,0.05,0.30296236276626587,0.048042379319667816,-0.004539985675364733,0.0,0.0,0.9973752608414392,0.0724057253362677,1,6,-0.5240738791751958,1.0,0,0,0.19038051147764082,0.6283185307179586,343,500,0.19038051147764082,1.0,1.0,1.0
27,1791131149.2637944,0.23707780241966248,0.05133884772658348,1.5956429902601919,96.92144805185461,29.45954433120051,0.05018479640444197,0.23707780241966248,0.05133884772658348,-0.004221091512590647,0.0,0.0,-0.9991627573152595,0.04091191017500611,1,6,-0.5514951318945248,1.0,0,0,0.1488893886348717,0.6283185307179586,343,500,0.1488893886348717,1.0,1.0,1.0
28,1791131149.763594,0.17991919815540314,0.04535238817334175,1.8055573421218725,96.82144805185462,27.70319247300994,0.05,0.17991919815540314,0.04535238817334175,-0.002023017266765237,0.0,0.0,-0.9893782956183131,0.14536364111909786,1,6,-0.5785894405628652,1.0,0,0,0.08107440244652848,0.6283185307179586,160,318,0.08107440244652848,1.0,1.0,1.0
29,1791131150.2640562,0.13967517018318176,0.03160415217280388,2.0801942316396405,96.72144805185462,27.70319247300994,0.05,0.13967517018318176,0.03160415217280388,-0.0012350876349955797,0.0,0.0,-0.9601664738686668,0.2794285999295899,1,6,-0.5292307413192238,1.0,0,0,0.15226863093835918,-0.40377959887639114,500,398,0.15226863093835918,1.0,1.0,1.0
30,1791131150.7649658,0.08889671415090561,-0.0003071048413403332,2.0323729132095236,96.62144805185463,22.036310706376792,0.05,0.08889671415090561,-0.0003071048413403332,-0.004516929853707552,0.0,0.0,-0.9665726993430315,0.25639270052933566,1,6,-0.5685775707542561,1.0,0,0,0.03102653424551758,-0.6283185307179586,170,13,0.03102653424551758,1.0,1.0,1.0
31,1791131151.2639844,0.05994556099176407,-0.016851836815476418,1.798361480856479,96.52144805185463,22.61457383079209,0.05,0.05994556099176407,-0.016851836815476418,-0.002370730508118868,0.0,0.0,-0.9898948989912048,0.14180299344933645,1,6,-0.5679248924042886,1.0,0,0,0.08080833377850061,-0.6283185307179586,317,160,0.08080833377850061,1.0,1.0,1.0
32,1791131151.7640257,0.02453099563717842,-0.01971166394650936,1.5645013160533505,96.42144805185464,22.6163813784754,0.05,0.02453099563717842,-0.01971166394650936,-0.0036929151974618435,0.0,0.0,-0.9996786427212627,0.025349778834813815,1,6,-0.5430206904292323,1.0,0,0,0.2,-0.6283185307179586,500,343,0.2,1.0,1.0,1.0
33,1791131152.263912,-0.03621821105480194,-0.01651420257985592,1.3791133462507554,96.32144805185465,22.638467240072217,0.05,-0.03621821105480194,-0.01651420257985592,-0.006288009695708752,0.0,0.0,0.9977334185937493,0.06729060425668812,1,6,-0.49969210826494626,1.0,0,0,0.19003426721130529,-0.6283185307179586,500,343,0.19003426721130529,1.0,1.0,1.0
34,1791131152.7637036,-0.09779368340969086,0.003754846751689911,1.1958583021652043,96.22144805185465,27.70319247300994,0.05,-0.09779368340969086,0.003754846751689911,-0.00357732898555696,0.0,0.0,0.9873910137760988,0.15830030295046096,1,6,-0.5117211102087692,1.0,0,0,0.15828636772068858,0.3985973338382294,400,500,0.15828636772068858,1.0,1.0,1.0
35,1791131153.2642448,-0.15937232971191406,0.025130100548267365,1.287018838910834,96.12144805185466,29.279770963455174,0.05,-0.15937232971191406,0.025130100548267365,-0.004145018290728331,0.0,0.0,0.9935783810323126,0.1131459267725032,1,6,-0.5171902475373731,1.0,0,0,0.16379561271837018,0.6283185307179586,343,500,0.16379561271837018,1.0,1.0,1.0
36,1791131153.7638626,-0.22653229534626007,0.0435335636138916,1.4925389749738844,96.02038936100477,27.79034656034577,0.05052934542494156,-0.22653229534626007,0.0435335636138916,-0.013412847183644772,0.0,0.0,0.9999435161559401,0.010628475793595245,1,6,-0.532319002558544,1.0,0,0,0.16595827112707964,0.6283185307179586,343,500,0.16595827112707964,1.0,1.0,1.0
37,1791131154.2636824,-0.2829509675502777,0.03389464691281319,1.716859430436239,95.92038936100478,27.70319247300994,0.05,-0.2829509675502777,0.03389464691281319,-0.004843132104724646,0.0,0.0,-0.9948500983207522,0.10135719940482618,1,6,-0.5719429489901791,1.0,0,0,0.025182216483424825,0.6283185307179586,-4,153,0.025182216483424825,1.0,1.0,1.0
38,1791131154.7634754,-0.301310658454895,0.030938902869820595,1.9664503551662467,95.82038936100479,27.70319247300994,0.05,-0.301310658454895,0.030938902869820595,-0.0066268849186599255,0.0,0.0,-0.9744971835585434,0.22439973091888193,1,6,-0.5455715248703378,1.0,0,0,0.12221856030822538,0.2218968419278491,333,388,0.12221856030822538,1.0,1.0,1.0
39,1791131155.2638292,-0.3433562219142914,0.00980130210518837,2.0923542251769423,95.71561145441909,49.061500612599794,0.05238895329284535,-0.3433562219142914,0.00980130210518837,-0.007132228463888168,0.0,0.0,-0.9584498124757499,0.2852612083077539,1,6,-0.5632585636784506,1.0,0,0,0.05931244671734416,-0.03658136022702241,179,170,0.05931244671734416,1.0,1.0,1.0
40,1791131155.7655237,-0.3729420304298401,-0.009252941235899925,2.10282391037037,95.6156114544191,22.034623180997293,0.05,-0.3729420304298401,-0.009252941235899925,-0.002597830956801772,0.0,0.0,-0.9569433893249487,0.2902746107176439,1,6,-0.5645520135142513,1.0,0,0,0.07136081098737211,-0.6283185307179586,289,132,0.07136081098737211,1.0,1.0,1.0
41,1791131156.2639086,-0.4049573242664337,-0.02534574270248413,1.898085944719477,95.5156114544191,23.77233948326166,0.05,-0.4049573242664337,-0.02534574270248413,-0.004675860051065683,0.0,0.0,-0.9815969104675127,0.19096467045145762,1,6,-0.5481950159285167,1.0,0,0,0.1386000417501136,-0.6283185307179586,487,330,0.1386000417501136,1.0,1.0,1.0
42,1791131156.764207,-0.4641934037208557,-0.04262913018465042,1.6953868951991478,95.4156114544191,23.77233948326166,0.05,-0.4641934037208557,-0.04262913018465042,-0.0029973078053444624,0.0,0.0,-0.995880939070679,0.09067058616609154,1,6,-0.5607123397746081,1.0,0,0,0.12974271952765756,-0.6283185307179586,461,304,0.12974271952765756,1.0,1.0,1.0
43,1791131157.2642395,-0.5252063274383545,-0.044593364000320435,1.4966258619827197,95.31561145441911,23.751941147044338,0.05,-0.5252063274383545,-0.044593364000320435,-0.0030072133522480726,0.0,0.0,0.9999631471186248,0.008585126942312242,1,6,-0.5451370309113441,1.0,0,0,0.2,-0.6283185307179586,500,343,0.2,1.0,1.0,1.0
44,1791131157.7641838,-0.5941787362098694,-0.03644471988081932,1.3181629099626573,95.21510797841384,27.19832984126903,0.05025173800263298,-0.5941787362098694,-0.03644471988081932,-0.003110592719167471,0.0,0.0,0.9952197590900657,0.0976607962117429,1,6,-0.5003950461916891,1.0,0,0,0.07657866874511712,-0.6283185307179586,305,147,0.07657866874511712,1.0,1.0,1.0
45,1791131158.265128,-0.6279389262199402,-0.018610389903187752,1.0613393723442117,95.11510797841385,27.19832984126903,0.05,-0.6279389262199402,-0.018610389903187752,-0.0022878535091876984,0.0,0.0,0.9745192904949358,0.22430370583930814,1,6,-0.4904935752554138,1.0,0,0,0.10614229962371709,0.10109151275727302,300,326,0.10614229962371709,1.0,1.0,1.0
46,1791131158.7639713,-0.6706204414367676,0.006852847523987293,1.0669921980740131,95.01510797841385,27.70319247300994,0.05,-0.6706204414367676,0.006852847523987293,-0.00119486334733665,0.0,0.0,0.9751493720061403,0.22154841971007216,1,6,-0.4945122549560361,1.0,0,0,0.14117244591007042,0.6283185307179586,338,495,0.14117244591007042,1.0,1.0,1.0
47,1791131159.2637866,-0.7228522896766663,0.02917834185063839,1.2645537435354708,94.91510797841386,29.45954433120051,0.05,-0.7228522896766663,0.02917834185063839,-0.0025337336119264364,0.0,0.0,0.9922448114427881,0.12429897089222357,1,6,-0.5310814383164446,1.0,0,0,0.13376070329103998,0.6283185307179586,316,473,0.13376070329103998,1.0,1.0,1.0
48,1791131159.7635038,-0.782262921333313,0.038240183144807816,1.5019668315488737,94.76498005826483,51.24272663914517,0.0750639600745188,-0.782262921333313,0.038240183144807816,-0.002482572104781866,0.0,0.0,0.9999825079312736,0.005914713135914011,1,6,-0.5733247200289004,1.0,0,0,0.054599808212003824,0.6283185307179586,82,240,0.054599808212003824,1.0,1.0,1.0
49,1791131160.2633197,-0.8056080341339111,0.03937482088804245,1.751163874753658,94.66498005826483,29.45954433120051,0.05,-0.8056080341339111,0.03937482088804245,-0.005208984948694706,0.0,0.0,-0.9929653441345874,0.11840534340848193,1,6,-0.5447279949643615,1.0,0,0,0.19719381810413772,0.6283185307179586,343,500,0.19719381810413772,1.0,1.0,1.0
50,1791131160.7639525,-0.8587399125099182,0.022197064012289047,1.963455097888235,94.56498005826484,27.70319247300994,0.05,-0.8587399125099182,0.022197064012289047,-0.0036163164768368006,0.0,0.0,-0.9748321580509853,0.2229400449216309,1,6,-0.5279026552982783,1.0,0,0,0.2,0.17648212682891828,456,500,0.2,1.0,1.0,1.0
51,1791131161.2643633,-0.9236448407173157,-0.008318099193274975,2.036359931677481,94.46498005826484,22.01422484477997,0.05,-0.9236448407173157,-0.008318099193274975,-0.0029753209091722965,0.0,0.0,-0.9660596578480118,0.25831906139226807,1,6,-0.5043610563372656,1.0,0,0,0.14937662848966912,-0.6283185307179586,500,343,0.14937662848966912,1.0,1.0,1.0
52,1791131161.7643282,-0.9856228232383728,-0.03748558089137077,1.8807748650017437,94.36498005826485,23.751941147044338,0.05,-0.9856228232383728,-0.03748558089137077,-0.003433555131778121,0.0,0.0,-0.9832130225547008,0.1824613720184345,1,6,-0.5368486427436456,1.0,0,0,0.10207749816983043,-0.6283185307179586,380,222,0.10207749816983043,1.0,1.0,1.0
53,1791131162.264154,-1.0323820114135742,-0.04510461911559105,1.6441676495341992,94.26498005826485,23.751941147044338,0.05,-1.0323820114135742,-0.04510461911559105,-0.004649049136787653,0.0,0.0,-0.9978761669797479,0.06513950701230647,1,6,-0.5612872274773926,1.0,0,0,0.13516159497165445,-0.6283185307179586,477,320,0.13516159497165445,1.0,1.0,1.0
54,1791131162.7639148,-1.1014739274978638,-0.053232233971357346,1.4229207482859048,94.15872139493783,29.6557504562674,0.05312933166351522,-1.1014739274978638,-0.053232233971357346,0.0032798568718135357,0.0,0.0,0.9989678812475674,0.045422155780479284,1,6,-0.5710126896834637,1.0,0,0,0.16297918722867322,-0.6283185307179586,500,343,0.16297918722867322,1.0,1.0,1.0
55,1791131163.2651324,-1.1782143115997314,-0.04271688684821129,1.2453148015046294,94.04010928332715,29.6557504562674,0.05930605580533764,-1.1782143115997314,-0.04271688684821129,-0.00873146578669548,0.0,0.0,0.9910032315882081,0.13383794298228086,1,6,-0.5596848036385955,1.0,0,0,0.05173550853252974,-0.6283185307179586,231,74,0.05173550853252974,1.0,1.0,1.0
56,1791131163.7636018,-1.192002534866333,-0.01988929882645607,1.0086460670159036,93.94010928332716,27.499129482672117,0.05,-1.192002534866333,-0.01988929882645607,-0.0019478340400382876,0.0,0.0,0.9682721125147546,0.24989821153064357,1,6,-0.5327484432227529,1.0,0,0,0.12153300828386245,0.6283185307179586,280,437,0.12153300828386245,1.0,1.0,1.0
57,1791131164.2636743,-1.228803277015686,0.003780445083975792,1.1222349475138547,93.84010928332717,49.061500612599794,0.05,-1.228803277015686,0.003780445083975792,-0.003730280324816704,0.0,0.0,0.9808960990757745,0.19453236958904396,1,6,-0.5491606891429698,1.0,0,0,0.08879020276584829,0.6283185307179586,183,341,0.08879020276584829,1.0,1.0,1.0
58,1791131164.763784,-1.2672677040100098,0.02499670907855034,1.3863046801422962,93.74010928332717,20.772569151450917,0.05,-1.2672677040100098,0.02499670907855034,-0.009991099126636982,0.0,0.0,0.9979689229225407,0.06370265991953648,1,6,-0.5383369087293784,1.0,0,0,0.15868510552893386,0.6283185307179586,343,500,0.15868510552893386,1.0,1.0,1.0
59,1791131165.2637966,-1.3227370977401733,0.01809932105243206,1.5964174375051874,93.64010928332718,29.279770963455174,0.05,-1.3227370977401733,0.01809932105243206,-0.009199694730341434,0.0,0.0,-0.9991468403492971,0.04129880652048009,1,6,-0.5201476529115789,1.0,0,0,0.2,0.6283185307179586,343,500,0.2,1.0,1.0,1.0
60,1791131165.7642527,-1.388411521911621,0.014503357000648975,1.8019532862186693,93.54010928332718,29.279770963455174,0.05,-1.388411521911621,0.014503357000648975,-0.007073607761412859,0.0,0.0,-0.9896386384150059,0.14358051872065847,1,6,-0.5332701166627811,1.0,0,0,0.17086665510624643,0.6203728783506319,344,500,0.17086665510624643,1.0,1.0,1.0
61,1791131166.2642505,-1.4464328289031982,-0.009861091151833534,2.0188632296317692,93.44010928332719,24.93457137379336,0.05,-1.4464328289031982,-0.009861091151833534,-0.007186090108007193,0.0,0.0,-0.9682825270491385,0.24985785521238738,1,6,-0.571249713766381,1.0,0,0,0.07503840752272824,-0.2892538002690191,258,185,0.07503840752272824,1.0,1.0,1.0
62,1791131166.7646124,-1.4923378229141235,-0.029834814369678497,1.9475759998886382,93.3401092833272,22.01422484477997,0.05,-1.4923378229141235,-0.029834814369678497,-0.0020503585692495108,0.0,0.0,-0.9765714580533085,0.2151933719138097,1,6,-0.5752476491540927,1.0,0,0,0.08085027882641323,-0.6283185307179586,317,160,0.08085027882641323,1.0,1.0,1.0
63,1791131167.2638478,-1.5240646600723267,-0.04038481041789055,1.7370384683318782,93.2401092833272,23.751941147044338,0.05,-1.5240646600723267,-0.04038481041789055,-0.005123930051922798,0.0,0.0,-0.9937768336465005,0.11138942906548904,1,6,-0.5472978783103251,1.0,0,0,0.18374432598134993,-0.6283185307179586,500,343,0.18374432598134993,1.0,1.0,1.0
64,1791131167.76393,-1.5726537704467773,-0.049424294382333755,1.5308757114977922,93.1401092833272,23.751941147044338,0.05,-1.5726537704467773,-0.049424294382333755,-0.008514811284840107,0.0,0.0,-0.9999635370488646,0.008539588557067468,1,6,-0.5383185633919436,1.0,0,0,0.2,-0.6283185307179586,500,343,0.2,1.0,1.0,1.0
65,1791131168.2652898,-1.6513307094573975,-0.04143422842025757,1.3605708208449698,93.0331620566447,23.77402700864116,0.05347361334125587,-1.6513307094573975,-0.04143422842025757,-0.0008160704746842384,0.0,0.0,0.99706667822638,0.07653782836357752,1,6,-0.5330854591891413,1.0,0,0,0.2,-0.5211929469784291,500,369,0.2,1.0,1.0,1.0
66,1791131168.7643847,-1.7060422897338867,-0.021534185856580734,1.2042440638056453,92.9331620566447,32.32513120749742,0.05,-1.7060422897338867,-0.021534185856580734,-0.004648702684789896,0.0,0.0,0.988046066857899,0.15415891075976193,1,6,-0.5343770162902566,1.0,0,0,0.1569577756125219,0.6283185307179586,343,500,0.1569577756125219,1.0,1.0,1.0
67,1791131169.2646124,-1.7688759565353394,0.0024802624247968197,1.3564442527358924,92.77819748048294,49.061500612599794,0.07748228808087823,-1.7688759565353394,0.0024802624247968197,-0.0025008455850183964,0.0,0.0,0.9969066367315862,0.07859489576631086,1,6,-0.5804005720007563,1.0,0,0,-0.0022764338770899784,0.6283185307179586,-85,72,-0.0022764338770899784,1.0,1.0,1.0
68,1791131169.764197,-1.7868186235427856,-0.0015816331142559648,1.5840553100411485,92.67819748048295,22.01422484477997,0.05,-1.7868186235427856,-0.0015816331142559648,-0.0007038010517135262,0.0,0.0,-0.9993830228630551,0.03512226662819636,1,6,-0.5186720632179653,1.0,0,0,0.2,0.3307238995523421,417,500,0.2,1.0,1.0,1.0
69,1791131170.2637305,-1.8192229270935059,-0.008187473751604557,1.7222659137652094,92.57819748048296,27.439066118445144,0.05,-1.8192229270935059,-0.008187473751604557,-0.010999204590916634,0.0,0.0,-0.9945724707109852,0.10404614603072299,1,6,-0.4895317219276544,1.0,0,0,0.2,-0.36605139512665724,500,408,0.2,1.0,1.0,1.0
70,1791131170.765098,-1.8996731042861938,-0.00846159365028143,1.6437162437294308,92.44054568516084,34.305062802286876,0.06882589766105912,-1.8996731042861938,-0.00846159365028143,-0.006559173576533794,0.0,0.0,-0.9978908437386116,0.06491428180794946,1,6,-0.5358024044817246,1.0,0,0,0.19613834791041,0.11858069733055848,470,500,0.19613834791041,1.0,1.0,1.0
71,1791131171.2639081,-1.9679036140441895,-0.022510871291160583,1.68187827688583,92.34054568516085,23.594459517143374,0.05,-1.9679036140441895,-0.022510871291160583,-0.010676280595362186,0.0,0.0,-0.9964706352820631,0.08394208134518404,1,6,-0.5373772461412327,1.0,0,0,0.1401109568643549,-0.6283185307179586,492,334,0.1401109568643549,1.0,1.0,1.0
72,1791131171.764103,-2.0407016277313232,-0.015877142548561096,1.4943310160713992,92.22044084606982,32.76867975433172,0.06005241954551535,-2.0407016277313232,-0.015877142548561096,-0.004208764526993036,0.0,0.0,0.999952638083668,0.00973250170886087,1,6,-0.58031967872897,1.0,0,0,0.019942583067357036,0.3525724617678202,15,103,0.019942583067357036,1.0,1.0,1.0
73,1791131172.264309,-2.0592703819274902,-0.01781501993536949,1.5848199035901107,92.12044084606983,22.01422484477997,0.05,-2.0592703819274902,-0.01781501993536949,-0.008287510834634304,0.0,0.0,-0.9993695227038127,0.03550432495842737,1,6,-0.5365214871012414,1.0,0,0,0.2,-0.391069032711438,500,402,0.2,1.0,1.0,1.0
74,1791131172.7638097,-2.109687566757202,-0.017758667469024658,1.5407219506800338,92.02044084606983,22.01422484477997,0.05,-2.109687566757202,-0.017758667469024658,-0.008276697248220444,0.0,0.0,-0.9999093777160657,0.013462405263189535,1,6,-0.5433516730232548,1.0,0,0,0.19220011158185552,0.24143168158640896,439,500,0.19220011158185552,1.0,1.0,1.0
75,1791131173.265057,-2.1809635162353516,-0.017093798145651817,1.576581947390168,91.92044084606984,22.01422484477997,0.05,-2.1809635162353516,-0.017093798145651817,0.00039279990596696734,0.0,0.0,-0.9995072861972739,0.03138765423794426,1,6,-0.5718144120759034,1.0,0,0,0.08765175769658635,-0.033798040963324893,263,254,0.08765175769658635,1.0,1.0,1.0
76,1791131173.7636347,-2.229980945587158,-0.018207374960184097,1.5771505322829,91.82044084606984,22.011866240292772,0.05,-2.229980945587158,-0.018207374960184097,-0.004601658787578344,0.0,0.0,-0.999498322533199,0.03167180533726071,1,6,-0.566525041441485,1.0,0,0,0.08971255350769149,0.1228433158660014,249,280,0.08971255350769149,1.0,1.0,1.0
77,1791131174.263788,-2.2692432403564453,-0.019280336797237396,1.6270379310867007,91.72044084606985,22.01422484477997,0.05,-2.2692432403564453,-0.019280336797237396,-0.004422098398208618,0.0,0.0,-0.9983974705819367,0.05659055341301059,1,6,-0.5572312331763889,1.0,0,0,0.05922550496918325,0.6283185307179586,96,253,0.05922550496918325,1.0,1.0,1.0
78,1791131174.7639966,-2.295952558517456,-0.029240144416689873,1.8747558546220553,91.62044084606985,29.118412163963548,0.05,-2.295952558517456,-0.029240144416689873,0.006651428993791342,0.0,0.0,-0.9837576876352951,0.17950156550419605,1,6,-0.5408291800982747,1.0,0,0,0.15169657127940486,-0.056665223165345224,454,440,0.15169657127940486,1.0,1.0,1.0
79,1791131175.2640805,-2.3505704402923584,-0.04365198314189911,1.9164439130617197,91.52044084606986,23.751941147044338,0.05,-2.3505704402923584,-0.04365198314189911,-0.011225622147321701,0.0,0.0,-0.979802722074071,0.19996656174530972,1,6,-0.5108943523741181,1.0,0,0,0.2,-0.6283185307179586,500,343,0.2,1.0,1.0,1.0
80,1791131175.764003,-2.4074740409851074,-0.07483922690153122,1.7565937939002207,91.42044084606987,23.30262133443764,0.05,-2.4074740409851074,-0.07483922690153122,-0.007826631888747215,0.0,0.0,-0.9926402192346427,0.12110076448066079,1,6,-0.558981031481854,1.0,0,0,0.0956788446255513,-0.6283185307179586,361,203,0.0956788446255513,1.0,1.0,1.0
81,1791131176.2641351,-2.4607467651367188,-0.06903759390115738,1.5235813132720653,91.32044084606987,23.751941147044338,0.05,-2.4607467651367188,-0.06903759390115738,0.0009137793676927686,0.0,0.0,-0.9999880317788283,0.004892473720421973,1,6,-0.5350544725412385,1.0,0,0,0.2,-0.6283185307179586,500,343,0.2,1.0,1.0,1.0
82,1791131176.7641976,-2.5227553844451904,-0.06520011276006699,1.3336659696163355,91.22044084606988,23.751941147044338,0.05,-2.5227553844451904,-0.06520011276006699,-0.003440042957663536,0.0,0.0,0.9959468727394277,0.08994346380117998,1,6,-0.516722850851778,1.0,0,0,0.15886008425862655,-0.6283185307179586,500,343,0.15886008425862655,1.0,1.0,1.0
83,1791131177.2644653,-2.5988800525665283,-0.057072557508945465,1.1392205889463796,91.11707723034279,23.751941147044338,0.05168180786354174,-2.5988800525665283,-0.057072557508945465,-0.00222136452794075,0.0,0.0,0.9825128329273729,0.18619487944900132,1,6,-0.5345068379221292,1.0,0,0,0.14053359687103859,-0.6283185307179586,493,336,0.14053359687103859,1.0,1.0,1.0
84,1791131177.763915,-2.638801097869873,-0.013047344982624054,0.9525628239360335,91.01707723034279,27.499129482672117,0.05,-2.638801097869873,-0.013047344982624054,-0.00024544945335946977,0.0,0.0,0.9608848127960475,0.27694832828147675,1,6,-0.548287019189251,-0.5018936092470672,0,0,0.06256089557234194,0.6283185307179586,106,263,0.06256089557234194,1.0,1.0,1.0
85,1791131178.2646415,-2.6691343784332275,0.00612903805449605,1.1547492149465226,90.9170772303428,49.061500612599794,0.05,-2.6691343784332275,0.00612903805449605,0.010707111097872257,0.0,0.0,0.9839288786988043,0.17856080662484064,1,6,-0.5943961853861026,1.0,0,0,-0.10178730137724962,0.6283185307179586,-379,-221,-0.10178730137724962,1.0,1.0,1.0
86,1791131178.764654,-2.650083541870117,-0.010067733004689217,1.3714855202565506,90.8170772303428,32.79374043402089,0.05,-2.650083541870117,-0.010067733004689217,-0.009749756194651127,0.0,0.0,0.9974695222331619,0.07109537408262133,1,6,-0.5664092890504917,1.0,0,0,0.09994330564438896,0.6283185307179586,216,373,0.09994330564438896,1.0,1.0,1.0
87,1791131179.2639942,-2.659156560897827,0.0031933505088090897,1.556403708442856,90.71707723034281,54.557156680046525,0.05,-2.659156560897827,0.0031933505088090897,0.002863788977265358,0.0,0.0,-0.9997730849608967,0.021302079423656795,1,6,-0.5149893724005752,1.0,0,0,0.2,0.6283185307179586,343,500,0.2,1.0,1.0,1.0
88,1791131179.7641647,-2.7178311347961426,-0.004139529541134834,1.7418747688714618,90.61707723034282,32.79374043402089,0.05,-2.7178311347961426,-0.004139529541134834,-0.001474563730880618,0.0,0.0,-0.9935045720019433,0.11379220276994158,1,6,-0.5171672136303647,1.0,0,0,0.2,0.5786339488762566,355,500,0.2,1.0,1.0,1.0
89,1791131180.26382,-2.796658754348755,-0.03539569303393364,1.9486985222881064,90.49133772343004,29.118412163963548,0.06286975345638728,-2.796658754348755,-0.03539569303393364,-0.0003461152664385736,0.0,0.0,-0.9764505245526524,0.21574144965872963,1,6,-0.515990896026052,1.0,0,0,0.2,-0.6283185307179586,500,343,0.2,1.0,1.0,1.0
90,1791131180.7651346,-2.8396847248077393,-0.04387658089399338,1.804324298537166,90.39133772343004,29.118412163963548,0.05,-2.8396847248077393,-0.04387658089399338,-0.0008863754919730127,0.0,0.0,-0.9894677274342975,0.14475364025131435,1,6,-0.5032762143947452,1.0,0,0,0.2,-0.6283185307179586,500,343,0.2,1.0,1.0,1.0
91,1791131181.2639296,-2.9074981212615967,-0.059359993785619736,1.6035136965458126,90.28706214909093,29.118412163963548,0.052137787169554,-2.9074981212615967,-0.059359993785619736,-0.009193028323352337,0.0,0.0,-0.9989940179075454,0.044843641521836,1,6,-0.5019818362445734,1.0,0,0,0.2,-0.6283185307179586,500,343,0.2,1.0,1.0,1.0
92,1791131181.7640126,-2.9855000972747803,-0.06104692444205284,1.4119208277194417,90.15967074738391,32.32513120749742,0.0636957008535042,-2.9855000972747803,-0.06104692444205284,-0.007614539936184883,0.0,0.0,0.9987029533213846,0.050915724753207645,1,6,-0.5295042675924764,1.0,0,0,0.2,-0.6283185307179586,500,343,0.2,1.0,1.0,1.0
93,1791131182.2640607,-3.0342514514923096,-0.03779181092977524,1.2234832721525954,90.05967074738392,29.6557504562674,0.05,-3.0342514514923096,-0.03779181092977524,-0.0059854742139577866,0.0,0.0,0.9894832767376938,0.14464731264851247,1,6,-0.5223381416230142,1.0,0,0,0.2,-0.404171679252581,500,399,0.2,1.0,1.0,1.0
94,1791131182.764382,-3.107914686203003,-0.033025793731212616,1.1122840461007737,89.94785153651755,29.118412163963548,0.055909605433186155,-3.107914686203003,-0.033025793731212616,-0.005904706194996834,0.0,0.0,0.9799160757831691,0.19941034181234046,1,6,-0.549251913028804,1.0,0,0,0.11487559023289402,0.6283185307179586,260,418,0.11487559023289402,1.0,1.0,1.0
95,1791131183.2643325,-3.146465539932251,0.008379403501749039,1.341478618990191,89.83850548406137,49.061500612599794,0.05467302622808437,-3.146465539932251,0.008379403501749039,-0.005126630421727896,0.0,0.0,0.9962906214664158,0.08605229560019316,1,6,-0.561664592167393,1.0,0,0,0.08540688621274896,0.6283185307179586,173,331,0.08540688621274896,1.0,1.0,1.0
96,1791131183.76446,-3.186272144317627,0.009278852492570877,1.611925290848828,89.73850548406138,27.79034656034577,0.05,-3.186272144317627,0.009278852492570877,-0.00819249078631401,0.0,0.0,-0.9987965797492513,0.04904479871706591,1,6,-0.5297282722847552,1.0,0,0,0.2,0.6283185307179586,343,500,0.2,1.0,1.0,1.0
97,1791131184.2641687,-3.261866569519043,-0.01275370828807354,1.8274850115892587,89.63850548406138,18.704553736060085,0.05,-3.261866569519043,-0.01275370828807354,0.000870406802278012,0.0,0.0,-0.987725120764278,0.156202067243659,1,6,-0.5442470910332927,1.0,0,0,0.15342837064782364,0.580205591118139,355,500,0.15342837064782364,1.0,1.0,1.0
98,1791131184.7645252,-3.3068506717681885,-0.03219475969672203,2.044701751159936,89.53850548406139,18.704553736060085,0.05,-3.3068506717681885,-0.03219475969672203,-0.012448068708181381,0.0,0.0,-0.9649738324719324,0.26234615042807646,1,6,-0.5559506937398839,1.0,0,0,0.12426515482588714,-0.48096680822299703,427,306,0.12426515482588714,1.0,1.0,1.0
99,1791131185.2645442,-3.3563385009765625,-0.051480088382959366,1.9384570700000978,89.4385054840614,26.152433000878034,0.05,-3.3563385009765625,-0.051480088382959366,-0.012929855845868587,0.0,0.0,-0.9775424704712614,0.21073850721912,1,6,-0.5634180396110773,1.0,0,0,0.1356129830740312,-0.6283185307179586,479,321,0.1356129830740312,1.0,1.0,1.0
100,1791131185.7647998,-3.4404237270355225,-0.08312632143497467,1.7483102976456388,89.29856518606748,31.19376202851565,0.06997014899696016,-3.4404237270355225,-0.08312632143497467,-0.006330372299998999,0.0,0.0,-0.9931332727636741,0.11698847178125588,1,6,-0.5957908138377113,1.0,0,0,0.06495598960207087,-0.6283185307179586,270,113,0.06495598960207087,1.0,1.0,1.0
101,1791131186.2647119,-3.457249641418457,-0.07849326729774475,1.5099712285212163,89.19856518606748,27.543822651720948,0.05,-3.457249641418457,-0.07849326729774475,-0.0147580960765481,0.0,0.0,0.9999981710784571,0.0019125479708728375,1,6,-0.5547651440283656,1.0,0,0,0.17135247569566842,-0.6283185307179586,500,343,0.17135247569566842,1.0,1.0,1.0
102,1791131186.7641013,-3.5409340858459473,-0.07660865038633347,1.3205094211991257,89.0563018216442,33.95463080337376,0.07113168221164086,-3.5409340858459473,-0.07660865038633347,-0.003563858801499009,0.0,0.0,0.9953336551673903,0.0964930820894569,1,6,-0.569908882632403,1.0,0,0,-0.04608193494011288,-0.6283185307179586,-57,-215,-0.04608193494011288,1.0,1.0,1.0
103,1791131187.2639532,-3.522928476333618,-0.07258103787899017,1.0451233844667192,88.9563018216442,28.05591198685267,0.05,-3.522928476333618,-0.07258103787899017,-0.010787718929350376,0.0,0.0,0.9726686252717457,0.23219764299400703,1,6,-0.5120011143291195,1.0,0,0,0.18586390683367832,0.6283185307179586,343,500,0.18586390683367832,1.0,1.0,1.0
104,1791131187.7638216,-3.5437660217285156,-0.04972773790359497,1.1146984679450398,88.85630182164421,26.06693064142522,0.05,-3.5437660217285156,-0.04972773790359497,-0.014015689492225647,0.0,0.0,0.9801560920230369,0.1982272314040835,1,6,-0.4985550641638855,1.0,0,0,0.18061623467508317,0.6283185307179586,343,500,0.18061623467508317,1.0,1.0,1.0
105,1791131188.2651787,-3.6280455589294434,-0.006673518568277359,1.3237158671515807,88.72270762531184,27.270667516594887,0.06679709816618459,-3.6280455589294434,-0.006673518568277359,-0.03481848165392876,0.0,0.0,0.9954870758626987,0.09489721697886373,1,6,-0.5565113056377967,1.0,0,0,0.030370861654386808,0.39678427371893377,40,139,0.030370861654386808,1.0,1.0,1.0
106,1791131188.763443,-3.6228091716766357,-0.02797538787126541,1.4792055926602936,88.62270762531185,29.62194268935162,0.05,-3.6228091716766357,-0.02797538787126541,-0.011270564049482346,0.0,0.0,0.9998504388672411,0.01729450482047408,1,6,-0.47364316694524355,1.0,0,0,0.2,0.6283185307179586,343,500,0.2,1.0,1.0,1.0
107,1791131189.2639976,-3.686063528060913,-0.028466902673244476,1.6503544390625624,88.52270762531185,26.932054847478668,0.05,-3.686063528060913,-0.028466902673244476,-0.015084032900631428,0.0,0.0,-0.9976698907109796,0.06822601533683513,1,6,-0.5202849021385567,1.0,0,0,0.2,0.25231737319133873,437,500,0.2,1.0,1.0,1.0
108,1791131189.7648036,-3.7501254081726074,-0.040767867118120193,1.7438319259565613,88.42270762531186,29.13079338161272,0.05,-3.7501254081726074,-0.040767867118120193,-0.003310610307380557,0.0,0.0,-0.9933927417138945,0.11476437038624769,1,6,-0.5585645516010025,1.0,0,0,0.12932052699157934,-0.3411568227387708,424,339,0.12932052699157934,1.0,1.0,1.0
109,1791131190.2641823,-3.798633575439453,-0.051025815308094025,1.6656242058047495,88.32270762531186,28.21438544300702,0.05,-3.798633575439453,-0.051025815308094025,-0.012525148689746857,0.0,0.0,-0.9971199204335611,0.07584104610676677,1,6,-0.5175840532808362,1.0,0,0,0.2,0.2154632837157923,446,500,0.2,1.0,1.0,1.0
110,1791131190.764151,-3.881727695465088,-0.06292474269866943,1.6928651479629515,88.20354651654714,26.06693064142522,0.05958055438236668,-3.881727695465088,-0.06292474269866943,-0.002389348577708006,0.0,0.0,-0.9959944715636319,0.08941483442182153,1,6,-0.5878327162074115,1.0,0,0,0.03608841652344565,-0.6283185307179586,185,28,0.03608841652344565,1.0,1.0,1.0
111,1791131191.2642782,-3.915587902069092,-0.0626165047287941,1.4845015548040248,88.10354651654714,26.77121225142154,0.05,-3.915587902069092,-0.0626165047287941,-0.012370376847684383,0.0,0.0,0.9998927289596512,0.014646862244912092,1,6,-0.5016606479855501,1.0,0,0,0.2,0.6283185307179586,343,500,0.2,1.0,1.0,1.0
112,1791131191.7638562,-3.9531102180480957,-0.06142009049654007,1.577558262245791,88.00354651654715,37.80349269827133,0.05,-3.9531102180480957,-0.06142009049654007,-0.009236318990588188,0.0,0.0,-0.9994918449911961,0.0318755673846725,1,6,-0.5315848244410251,1.0,0,0,-0.019462743992983714,-0.6283185307179586,21,-136,-0.019462743992983714,1.0,1.0,1.0
113,1791131192.2639532,-3.9578661918640137,-0.06137216091156006,1.4114678240180192,87.90354651654715,30.20070724607906,0.05,-3.9578661918640137,-0.06137216091156006,-0.013488180935382843,0.0,0.0,0.9986913951973234,0.051141931512444595,1,6,-0.5277397664425382,1.0,0,0,-0.004225415140155087,-0.6283185307179586,66,-91,-0.004225415140155087,1.0,1.0,1.0
114,1791131192.7643116,-3.9554429054260254,-0.06318977475166321,1.1104896081582778,87.80354651654716,35.975388477929855,0.05,-3.9554429054260254,-0.06318977475166321,-0.021085094660520554,0.0,0.0,0.9797367666483202,0.20028946072495937,1,6,-0.4899073089889807,-0.4735832178262561,0,0,0.11003356563553479,0.2576786752827914,292,357,0.11003356563553479,1.0,1.0,1.0
115,1791131193.2637086,-3.9908077716827393,-0.07013996690511703,1.0932288621851471,87.70354651654716,35.975388477929855,0.05,-3.9908077716827393,-0.07013996690511703,-0.0130257373675704,0.0,0.0,0.9779717285493742,0.20873739041711975,1,6,-0.48675200957537346,-0.4953977246531701,0,0,0.1280098636647585,0.13571860804918157,360,395,0.1280098636647585,1.0,1.0,1.0
116,1791131193.7636766,-4.034231185913086,-0.010437588207423687,1.1544671861870839,87.60354651654717,26.32332907845245,0.05,-4.034231185913086,-0.010437588207423687,-0.01930694840848446,0.0,0.0,0.9839036892747592,0.17869955296955295,1,6,-0.6522183627159395,1.0,0,0,-0.2,-0.5701682860756099,-357,-500,-0.2,1.0,1.0,1.0
117,1791131194.263506,-4.025793552398682,-0.011788957752287388,1.120808292117899,87.50354651654717,27.547224189495203,0.05,-4.025793552398682,-0.011788957752287388,-0.01817014068365097,0.0,0.0,0.9807570842023499,0.1952320203934404,1,6,-0.621845795174328,1.0,0,0,-0.2,0.4048142288155383,-500,-399,-0.2,1.0,1.0,1.0
118,1791131194.7636697,-3.956956386566162,-0.06255445629358292,1.1711146061611686,87.40354651654718,30.471549037915796,0.05,-3.956956386566162,-0.06255445629358292,-0.03738832101225853,0.0,0.0,0.9853570310849167,0.1705037280868621,1,6,-0.4618116057913134,1.0,0,0,0.2,0.4625936760529872,384,500,0.2,1.0,1.0,1.0
119,1791131195.2637172,-3.9563050270080566,0.004851799923926592,1.2697559624088317,87.30354651654719,53.375107862091326,0.05,-3.9563050270080566,0.004851799923926592,0.0376194529235363,0.0,0.0,0.9925647696560203,0.12171761597111391,1,6,-0.42000592066280795,1.0,0,0,0.2,0.6283185307179586,343,500,0.2,1.0,1.0,1.0
120,1791131195.7650123,-4.055017948150635,-0.03713100403547287,1.4659851283769223,87.08822347128216,42.5870289920547,0.10766152263250875,-4.055017948150635,-0.03713100403547287,-0.01974388211965561,0.0,0.0,0.9997142747707509,0.023903322354676675,1,6,-0.463758096545298,1.0,0,0,0.2,0.4508477149377198,387,500,0.2,1.0,1.0,1.0
