tick,timestamp,x,y,heading,battery,wind_pct,batt_drain,raw_x,raw_y,raw_z,qx,qy,qz,qw,n_agents_seen,tracked,n_neighbors_seen,front_d,back_d,right_d,left_d,ir_front_max,ir_rear_max,v,w,left,right,v_policy,scale_corridor,scale_agent,scale_avoid
1,1791141663.5230837,0.7064445614814758,0.13293197751045227,1.5810945243512506,100.0,,,0.7064445614814758,0.13293197751045227,-0.0014448299771174788,0.0,0.0,-0.9995722756051701,0.02924492847489407,7,1,6,1.0,-0.5469800899187098,1.0,-0.5803500221088778,0,0,0.12413977273401647,-0.049036317456016144,372,360,0.12413977273401647,1.0,1.0,1.0
2,1791141664.029151,0.6633464097976685,0.1314648687839508,1.5557359044515158,99.74295907783903,94.0279054411498,0.12852046108048207,0.6633464097976685,0.1314648687839508,-0.0021887989714741707,0.0,0.0,-0.9998627241899822,0.01656903061097589,7,1,6,1.0,-0.5060929912209629,1.0,-0.5651320699188684,0,0,0.15646944547907948,-0.4444321448501941,500,389,0.15646944547907948,1.0,1.0,1.0
3,1791141664.5291033,0.5957756042480469,0.13475863635540009,1.47262210893956,99.33645127974948,94.0279054411498,0.20325389904477592,0.5957756042480469,0.13475863635540009,-0.003975477069616318,0.0,0.0,0.9996878384358775,0.02498450886855432,7,1,6,1.0,-0.452370745420688,1.0,-0.5319048818289487,0,0,0.07762957116631651,-0.026081273455090488,232,226,0.07762957116631651,1.0,1.0,1.0
4,1791141665.0287864,0.5538879632949829,0.13820601999759674,1.4824928492038296,99.08661866263489,94.0279054411498,0.12491630855729466,0.5538879632949829,0.13820601999759674,-0.0023619793355464935,0.0,0.0,0.9997989706214675,0.02005039511466231,7,1,6,1.0,-0.46805493398606923,1.0,-0.5013634787213981,0,0,0.025512585474831123,-0.18714629763925505,99,52,0.025512585474831123,1.0,1.0,1.0
5,1791141665.5286376,0.5371406078338623,0.14024759829044342,1.3984064672617764,98.9866186626349,94.0279054411498,0.05,0.5371406078338623,0.14024759829044342,-0.004986410494893789,0.0,0.0,0.9980727292291044,0.06205503339107112,7,1,6,1.0,-0.4980728735046491,1.0,-0.0006378620090138343,0,0,0.07424326367299311,-0.6111904048030421,296,142,0.07424326367299311,1.0,1.0,1.0
6,1791141666.0288694,0.5059624314308167,0.15162861347198486,1.1589241030813824,98.79945185617527,94.0279054411498,0.09358340322981291,0.5059624314308167,0.15162861347198486,-0.0034915460273623466,0.0,0.0,0.9835133162313702,0.1808357176986141,7,1,6,1.0,-0.47066712429581503,1.0,1.0,0,0,0.059246422780227875,-0.6077073314263406,251,99,0.059246422780227875,1.0,1.0,1.0
7,1791141666.5295186,0.47992876172065735,0.16641050577163696,0.9336113537968629,98.65575618344207,88.51196242972357,0.07184783636660018,0.47992876172065735,0.16641050577163696,-0.0023854037281125784,0.0,0.0,0.9569495734921522,0.2902542226965666,7,1,6,1.0,-0.4575949907036909,1.0,1.0,0,0,0.10545377462042181,-0.6266914728146062,390,232,0.10545377462042181,1.0,1.0,1.0
8,1791141667.028365,0.4400289058685303,0.2142225205898285,0.6846462719230235,98.41804629279204,88.51196242972358,0.11885494532501498,0.4400289058685303,0.2142225205898285,-0.01818442903459072,0.0,0.0,0.9135064038849101,0.40682434792089256,7,1,6,1.0,-0.43215147849375346,-0.12536710817352248,1.0,0,0,0.08851479442013328,-0.6255513864983685,339,183,0.08851479442013328,1.0,1.0,1.0
9,1791141667.5291262,0.4257306158542633,0.24055379629135132,0.43492951283150916,98.31804629279205,88.51196242972358,0.05,0.4257306158542633,0.24055379629135132,0.00018070387886837125,0.0,0.0,0.8557314916802086,0.5174201524358759,7,1,6,1.0,-0.43249183236497224,-0.3741607676532174,1.0,0,0,0.08996999134170523,-0.6244511532621422,344,187,0.08996999134170523,1.0,1.0,1.0
10,1791141668.0294316,0.4116518199443817,0.2778686285018921,0.1997950254467784,98.20913592394054,94.0279054411498,0.054455184425756725,0.4116518199443817,0.2778686285018921,-0.003731939010322094,0.0,0.0,0.7891326943340955,0.6142227533501271,7,1,6,1.0,-0.4020670222664078,-0.3386337067603843,1.0,0,0,0.08739893196655943,-0.6223856859041912,336,180,0.08739893196655943,1.0,1.0,1.0
11,1791141668.528733,0.4117749035358429,0.3222060203552246,-0.06492838007122348,98.10913592394054,94.0279054411498,0.05,0.4117749035358429,0.3222060203552246,-0.00019934354349970818,0.0,0.0,0.7011677403182071,0.712996353382722,7,1,6,1.0,-0.38687553713408207,-0.3198507875074209,1.0,0,0,0.09186632093481238,-0.6226306341872734,349,193,0.09186632093481238,1.0,1.0,1.0
12,1791141669.0288684,0.42522722482681274,0.36654284596443176,-0.3413421306682922,98.00913592394055,88.51196242972357,0.05,0.42522722482681274,0.36654284596443176,0.0009476161212660372,0.0,0.0,0.5962542511297328,0.8027956576923679,7,1,6,1.0,1.0,-0.38780129283918197,1.0,0,0,0.0030633459290480333,-0.43685226267647814,64,-46,0.0030633459290480333,1.0,1.0,1.0
13,1791141669.5291388,0.4314069449901581,0.37346798181533813,-0.5132253437411505,97.90913592394055,88.51196242972357,0.05,0.4314069449901581,0.37346798181533813,-0.005538116209208965,0.0,0.0,0.5251450018404377,0.8510127654988536,7,1,6,1.0,1.0,-0.4008314013837856,1.0,0,0,-0.09979273647601587,-0.4809778014456334,-234,-355,-0.09979273647601587,1.0,1.0,1.0
14,1791141670.029245,0.40697208046913147,0.340508371591568,-0.7098279514730974,97.74777645497821,94.0279054411498,0.08067973448116962,0.40697208046913147,0.340508371591568,-0.0008129370980896056,0.0,0.0,0.439088767805872,0.8984436843713249,7,1,6,1.0,1.0,-0.41170888179094445,1.0,0,0,-0.09198289825366109,-0.2626755287490056,-238,-304,-0.09198289825366109,1.0,1.0,1.0
15,1791141670.5291586,0.37762612104415894,0.3031318187713623,-0.8498425139405503,97.5365819293612,100.0,0.1055972628084989,0.37762612104415894,0.3031318187713623,0.0002202549367211759,0.0,0.0,0.37516698068495347,0.9269572463731732,7,1,6,0.08696066687703063,1.0,-0.4180375106489733,1.0,0,0,-0.15911707107162554,-0.07037419940622304,-460,-478,-0.15911707107162554,1.0,1.0,1.0
16,1791141671.0292654,0.32954517006874084,0.26574158668518066,-0.8659581006449466,97.23652225888418,94.0279054411498,0.1500298352385146,0.32954517006874084,0.26574158668518066,-0.0011146715842187405,0.0,0.0,0.36768565221287713,0.9299501390702575,7,1,6,0.17489503097427983,1.0,-0.4326672385059892,1.0,0,0,-0.1866367064774651,-0.0215365017092843,-495,-500,-0.1866367064774651,1.0,1.0,1.0
17,1791141671.5291548,0.2756606340408325,0.22053584456443787,-0.8249811727953604,96.9277744263126,88.51196242972358,0.1543739162857924,0.2756606340408325,0.22053584456443787,-0.0008550903294235468,0.0,0.0,0.3866603987784769,0.9222221728067859,7,1,6,-0.18755539843739033,1.0,-0.4463361616546526,1.0,0,0,-0.1914965264080452,-0.03040969035351689,-492,-500,-0.1914965264080452,1.0,1.0,1.0
18,1791141672.029424,0.22278502583503723,0.17382127046585083,-0.8139894414492495,96.62337609076661,88.51196242972357,0.15219916777299053,0.22278502583503723,0.17382127046585083,-0.0012613917933776975,0.0,0.0,0.39172294301120236,0.9200832222786384,7,1,6,-0.154945967179147,1.0,-0.46931069250741575,1.0,0,0,-0.18865730026900235,-0.0543576210554461,-486,-500,-0.18865730026900235,1.0,1.0,1.0
19,1791141672.5291553,0.17103394865989685,0.12471774965524673,-0.7894997444341803,96.29423213141644,94.0279054411498,0.1645719796750879,0.17103394865989685,0.12471774965524673,-0.001220919657498598,0.0,0.0,0.40295957476667355,0.9152177779653659,7,1,6,-0.13252730701450088,1.0,-0.4952069439935052,1.0,0,0,-0.18842174183371507,-0.09749438209521524,-476,-500,-0.18842174183371507,1.0,1.0,1.0
20,1791141673.0288854,0.12181589007377625,0.07583154737949371,-0.7996953903514399,95.97993692869872,94.0279054411498,0.15714760135886124,0.12181589007377625,0.07583154737949371,-0.0012779589742422104,0.0,0.0,0.3982887407693196,0.9172600934175593,7,1,6,-0.09450521747561869,1.0,-0.527069671379049,1.0,0,0,-0.1887579834486165,-0.18382957501279124,-454,-500,-0.1887579834486165,1.0,1.0,1.0
21,1791141673.5289948,0.07269802689552307,0.026092201471328735,-0.7972104613173139,95.69317316610183,88.51196242972358,0.14338188129844734,0.07269802689552307,0.026092201471328735,-0.001067407545633614,0.0,0.0,0.39942809617236413,0.9167645259215261,7,1,6,-0.05059538109585071,1.0,-0.5599094076050912,1.0,0,0,-0.1817809921013022,-0.2754866617676503,-431,-500,-0.1817809921013022,1.0,1.0,1.0
22,1791141674.0290194,0.024082830175757408,-0.02192108891904354,-0.8169704508154298,95.41025294175611,88.51196242972357,0.14146011217285548,0.024082830175757408,-0.02192108891904354,-0.0017384712118655443,0.0,0.0,0.39035112004075456,0.9206660649132933,7,1,6,-0.0008912069014027635,1.0,-0.5947264479073777,1.0,0,0,-0.1671553297083814,-0.3202288098643158,-420,-500,-0.1671553297083814,1.0,1.0,1.0
23,1791141674.5300312,-0.022639699280261993,-0.06934411078691483,-0.8834832985143222,95.11141827523517,94.0279054411498,0.1494173332604766,-0.022639699280261993,-0.06934411078691483,-0.0005308071849867702,0.0,0.0,0.35952286045688536,0.9331362777263024,7,1,6,0.05097289296574692,1.0,-0.6315117064081335,1.0,0,0,-0.156981721152734,-0.30482816713775773,-424,-500,-0.156981721152734,1.0,1.0,1.0
24,1791141675.0292685,-0.07866884768009186,-0.11333100497722626,-0.9160923744817975,94.76056664388733,94.0279054411498,0.17542581567391544,-0.07866884768009186,-0.11333100497722626,-0.0019924542866647243,0.0,0.0,0.34426139230289104,0.938873843372833,7,1,6,0.10746408334845947,1.0,-0.6600430006929543,1.0,0,0,-0.15131075903133934,-0.24862670580258925,-415,-477,-0.15131075903133934,1.0,1.0,1.0
25,1791141675.5291667,-0.12717297673225403,-0.15621981024742126,-0.9544742515861828,94.45452087759118,94.0279054411498,0.15302288314807466,-0.12717297673225403,-0.15621981024742126,-0.0009588766843080521,0.0,0.0,0.3261812355855531,0.9453072524591578,7,1,6,0.16129397872454398,1.0,-0.6922534529028144,1.0,0,0,-0.14838155892924623,-0.21900985629050093,-410,-465,-0.14838155892924623,1.0,1.0,1.0
26,1791141676.0291066,-0.1871837079524994,-0.19017955660820007,-1.0202115867756438,94.1193233200126,88.51196242972358,0.16759877878928736,-0.1871837079524994,-0.19017955660820007,-0.0016084362287074327,0.0,0.0,0.29493966104024194,0.9555158796929893,7,1,6,0.21327214188449028,1.0,-0.7115434758773513,1.0,0,0,-0.15672049269171043,-0.27443478824341305,-428,-497,-0.15672049269171043,1.0,1.0,1.0
27,1791141676.5288742,-0.2455700933933258,-0.2269136756658554,-1.0805864140836356,93.79149228136407,88.51196242972357,0.1639155193242653,-0.2455700933933258,-0.2269136756658554,-0.003535844851285219,0.0,0.0,0.265965112544051,0.9639826548799674,7,1,6,0.26644716651238265,1.0,-0.7301578328730414,1.0,0,0,-0.1649179593194185,-0.3541015054363771,-411,-500,-0.1649179593194185,1.0,1.0,1.0
28,1791141677.02947,-0.3059569001197815,-0.2550734877586365,-1.183877449857495,93.42294392124538,94.0279054411498,0.1842741800593437,-0.3059569001197815,-0.2550734877586365,-0.002161914948374033,0.0,0.0,0.215847237747288,0.9764271452376084,7,1,6,0.3089896693574252,1.0,-0.7404209790414543,1.0,0,0,-0.17385742223993672,-0.45834118039903815,-385,-500,-0.17385742223993672,1.0,1.0,1.0
29,1791141677.5290656,-0.3673977553844452,-0.2799617052078247,-1.2517797019865955,93.04932917666271,94.0279054411498,0.1868073722913354,-0.3673977553844452,-0.2799617052078247,-0.0018620335031300783,0.0,0.0,0.18257841564882205,0.9831912947840649,7,1,6,-0.7355843296836249,1.0,0.17561408745212637,1.0,0,0,-0.05380141310383081,-0.17573166071700655,-137,-181,-0.05380141310383081,1.0,1.0,1.0
30,1791141678.0291398,-0.39651229977607727,-0.29172420501708984,-1.313524991991542,92.87426878565755,94.0279054411498,0.08753019550258202,-0.39651229977607727,-0.29172420501708984,-0.0005769673734903336,0.0,0.0,0.1521425187174268,0.9883585655005563,7,1,6,-0.7383163840225542,1.0,0.18548595855517447,1.0,0,0,-0.1567570866457969,-0.05424285558446491,-455,-469,-0.1567570866457969,1.0,1.0,1.0
31,1791141678.5293255,-0.45409703254699707,-0.30427786707878113,-1.3448711803253448,92.49054183854177,100.0,0.19186347355788785,-0.45409703254699707,-0.30427786707878113,-0.0008313755388371646,0.0,0.0,0.13663382983475422,0.990621621278623,7,1,6,-0.7093610336855134,1.0,0.20552282246545883,1.0,0,0,-0.15311467988135574,-0.12301463776901181,-436,-467,-0.15311467988135574,1.0,1.0,1.0
32,1791141679.0290413,-0.5200725793838501,-0.31969118118286133,-1.360880689994572,92.09215428458363,94.0279054411498,0.19919377697907573,-0.5200725793838501,-0.31969118118286133,-0.0014945416478440166,0.0,0.0,0.12869985384804736,0.991683592492833,7,1,6,-0.6591420873099045,1.0,0.22320363773949903,1.0,0,0,-0.13975128885074736,-0.16322004448269253,-392,-433,-0.13975128885074736,1.0,1.0,1.0
33,1791141679.5288632,-0.5806406736373901,-0.3341653048992157,-1.407852509971224,91.72703281506712,94.0279054411498,0.182560734758256,-0.5806406736373901,-0.3341653048992157,-0.0010994845069944859,0.0,0.0,0.10537591031989847,0.9944324600113639,7,1,6,-0.6043376039828947,1.0,0.23306429578719,0.4717010632989107,0,0,-0.1300692185775262,-0.11655192447998321,-369,-398,-0.1300692185775262,1.0,1.0,1.0
34,1791141680.0290256,-0.6424849629402161,-0.3449510633945465,-1.4464807461211986,91.35486021745139,94.0279054411498,0.18608629880786481,-0.6424849629402161,-0.3449510633945465,-0.0013867671368643641,0.0,0.0,0.08615086462068446,0.9962821028830682,7,1,6,-0.5506995278822945,1.0,0.24191871813473353,0.5112563281355769,0,0,-0.13458136948853833,-0.11718071848750959,-382,-412,-0.13458136948853833,1.0,1.0,1.0
35,1791141680.528901,-0.7033683061599731,-0.3523668944835663,-1.4746667942159999,90.98906238134123,94.0279054411498,0.18289891805508243,-0.7033683061599731,-0.3523668944835663,-0.0007694820524193347,0.0,0.0,0.07210214654478898,0.9973972530860679,7,1,6,-0.5033056949050541,1.0,0.24540217698076816,0.5451499400818494,0,0,-0.1393512862288712,-0.09661297543484858,-399,-423,-0.1393512862288712,1.0,1.0,1.0
36,1791141681.0292165,-0.7677114605903625,-0.3597370684146881,-1.496818294050628,90.60206450708915,94.0279054411498,0.19349893712603902,-0.7677114605903625,-0.3597370684146881,0.00013913119619246572,0.0,0.0,0.06105102743788743,0.9981346462520867,7,1,6,-0.45100518818925217,1.0,0.24531571827316268,0.5809770201890805,0,0,-0.14612325260624964,-0.06606435873913467,-423,-439,-0.14612325260624964,1.0,1.0,1.0
37,1791141681.5285294,-0.839694619178772,-0.3672454059123993,-1.4898102688658685,90.2086224439752,88.51196242972358,0.1967210315569735,-0.839694619178772,-0.3672454059123993,0.00011624206672422588,0.0,0.0,0.0645481218551302,0.9979145955265788,7,1,6,-0.39284745156060785,1.0,0.23762688606380578,0.6150431072931692,0,0,-0.15384307278041687,-0.05644768245650677,-447,-461,-0.15384307278041687,1.0,1.0,1.0
38,1791141682.0287561,-0.903999924659729,-0.3722439408302307,-1.5105211566759535,89.82208383677998,94.0279054411498,0.19326930359761074,-0.903999924659729,-0.3722439408302307,-0.0011509816395118833,0.0,0.0,0.05421099704517998,0.9985295027185563,7,1,6,-0.34173336627074347,1.0,0.23011504252056914,0.6412466088477089,0,0,-0.15755943898566996,-0.060064742099859396,-457,-472,-0.15755943898566996,1.0,1.0,1.0
39,1791141682.5286186,-0.9716066122055054,-0.3751404583454132,-1.488921039377891,89.41537332251636,94.0279054411498,0.20335525713180852,-0.9716066122055054,-0.3751404583454132,-0.0005885189166292548,0.0,0.0,0.06499180300291514,0.9978857978458409,7,1,6,-0.2882671878319296,1.0,0.22750959965506468,0.6645845031962527,0,0,-0.1558445558803701,-0.08458188264064886,-449,-470,-0.1558445558803701,1.0,1.0,1.0
40,1791141683.028572,-1.045166254043579,-0.38604095578193665,-1.4786765993560345,89.01268035845717,88.51196242972358,0.2013464820295915,-1.045166254043579,-0.38604095578193665,-0.001612310647033155,0.0,0.0,0.07010231865633218,0.9975398061826937,7,1,6,-0.2282010580550664,1.0,0.19893890665241387,0.6965463423972951,0,0,-0.1387557581914107,-0.14161114559487126,-391,-427,-0.1387557581914107,1.0,1.0,1.0
41,1791141683.528637,-1.1039271354675293,-0.39009296894073486,-1.5235547918864776,88.69322599544745,88.51196242972358,0.1597271815048615,-1.1039271354675293,-0.39009296894073486,1.0767427738755941e-05,0.0,0.0,0.04770265732463863,0.9988615802423118,7,1,6,-0.18289259580625195,1.0,0.19766571242740438,0.7183553497850823,0,0,-0.11089029744044761,-0.24089298575464663,-297,-357,-0.11089029744044761,1.0,1.0,1.0
42,1791141684.0287259,-1.1590590476989746,-0.3904763460159302,-1.5833721197097745,88.3940256696716,88.51196242972358,0.14960016288792238,-1.1590590476989746,-0.3904763460159302,0.00032485189149156213,0.0,0.0,0.017811161680088453,0.9998413686778547,7,1,6,-0.1508614719395064,1.0,0.17120334482151778,0.7405102507545567,0,0,-0.060867039077106444,-0.3763884441001148,-132,-227,-0.060867039077106444,1.0,1.0,1.0
43,1791141684.5289667,-1.2005088329315186,-0.39459559321403503,-1.7535319263398372,88.16999385062863,88.51196242972358,0.11201590952148992,-1.2005088329315186,-0.39459559321403503,-0.0015392872737720609,0.0,0.0,-0.0672170805999668,0.9977383745630002,7,1,6,0.1213791637147752,1.0,1.0,-0.12459227243190318,0,0,-0.17534368346352555,-0.5812455238549041,-354,-500,-0.17534368346352555,1.0,1.0,1.0
44,1791141685.0291197,-1.2525146007537842,-0.38003483414649963,-1.9026861663851975,87.82331169875637,100.0,0.17334107593612819,-1.2525146007537842,-0.38003483414649963,-0.0017898150254040956,0.0,0.0,-0.14136974521735357,0.9899568652912007,7,1,6,0.09958449018879234,1.0,1.0,-0.119472912738673,0,0,-0.15080103763766875,-0.17011070071226173,-423,-466,-0.15080103763766875,1.0,1.0,1.0
45,1791141685.5289643,-1.312134027481079,-0.35512465238571167,-1.9716965598438798,87.46071180403051,94.0279054411498,0.18129994736293378,-1.312134027481079,-0.35512465238571167,-0.002298740204423666,0.0,0.0,-0.175437474078567,0.9844905752158992,7,1,6,0.08283522614424221,1.0,1.0,-0.10372078730096468,0,0,-0.18966291316577447,0.3601429009074063,-500,-410,-0.18966291316577447,1.0,1.0,1.0
46,1791141686.028976,-1.3820164203643799,-0.3336063325405121,-1.8847228452269904,87.0368026248706,94.0279054411498,0.211954589579954,-1.3820164203643799,-0.3336063325405121,-0.0004736803821288049,0.0,0.0,-0.13247270608447295,0.9911866535333579,7,1,6,0.08322899571692166,1.0,1.0,-0.09652718648966097,0,0,-0.19623908117786187,0.35429187590383876,-500,-411,-0.19623908117786187,1.0,1.0,1.0
47,1791141686.5286982,-1.4401063919067383,-0.31738197803497314,-1.8052383890038377,86.68633470983018,94.0279054411498,0.17523395752021426,-1.4401063919067383,-0.31738197803497314,-0.0013164359843358397,0.0,0.0,-0.09298650586421478,0.9956673690179689,7,1,6,0.05835527687050979,1.0,1.0,-0.09853758577657612,0,0,-0.19890295631638633,0.3419685309237358,-500,-414,-0.19890295631638633,1.0,1.0,1.0
48,1791141687.0285838,-1.5070189237594604,-0.29932230710983276,-1.7110384614075056,86.28156486972485,94.0279054411498,0.20238492005266667,-1.5070189237594604,-0.29932230710983276,-0.0009073991095647216,0.0,0.0,-0.04600482406042342,0.9989412175714693,7,1,6,0.04697091571019363,1.0,1.0,-0.09645788631244878,0,0,-0.1990011374101296,0.3549336760922479,-500,-411,-0.1990011374101296,1.0,1.0,1.0
49,1791141687.528544,-1.5697580575942993,-0.28064966201782227,-1.5996942241537337,85.90211647895867,94.0279054411498,0.18972419538308455,-1.5697580575942993,-0.28064966201782227,-0.00014859202201478183,0.0,0.0,0.009650901500302237,0.9999534289656851,7,1,6,-0.10621772813278718,1.0,0.03807935884876157,0.8731528729300728,0,0,-0.12261969144906476,0.2711363649207541,-396,-328,-0.12261969144906476,1.0,1.0,1.0
50,1791141688.0293474,-1.6415228843688965,-0.2973283529281616,-1.512391694446598,85.4679166254481,94.0279054411498,0.21709992675528786,-1.6415228843688965,-0.2973283529281616,-0.0008524206932634115,0.0,0.0,0.05327707989642777,0.9985797678491737,7,1,6,-0.0936164692723489,1.0,0.012264529772641808,0.9131110457977485,0,0,-0.13973588095072845,0.18752439894892894,-436,-389,-0.13973588095072845,1.0,1.0,1.0
51,1791141688.5286586,-1.6943541765213013,-0.29292675852775574,-1.4289252381496667,85.1174828042677,100.0,0.17521691059020095,-1.6943541765213013,-0.29292675852775574,-0.0006078206934034824,0.0,0.0,0.09489255262408093,0.9954875204925906,7,1,6,-0.10960987280534829,1.0,-0.007832825092172202,0.9242428318432727,0,0,-0.15156359084191162,0.1988952311832173,-472,-422,-0.15156359084191162,1.0,1.0,1.0
52,1791141689.0288172,-1.7669216394424438,-0.3139684498310089,-1.3877816463501123,84.67724909703404,94.0279054411498,0.22011685361682656,-1.7669216394424438,-0.3139684498310089,1.1675541827571578e-05,0.0,0.0,0.11534999580294736,0.9933249108263922,7,1,6,-0.09520882535137021,1.0,-0.027858502794616546,0.9689189108202467,0,0,-0.10315012188386426,-0.07274245663793187,-295,-313,-0.10315012188386426,1.0,1.0,1.0
53,1791141689.5287132,-1.8144506216049194,-0.32355397939682007,-1.417331848779036,84.39241207456055,94.0279054411498,0.14241851123674407,-1.8144506216049194,-0.32355397939682007,-0.002123862039297819,0.0,0.0,0.10066146325723771,0.9949207354432371,7,1,6,-0.11417741184852837,1.0,-0.04987117419792475,0.9911893788825814,0,0,-0.0023525010775715025,-0.3647690819066732,39,-53,-0.0023525010775715025,1.0,1.0,1.0
54,1791141690.0286324,-1.8342108726501465,-0.3368086516857147,-1.5415800065728937,84.2715005483332,94.0279054411498,0.06045576311368004,-1.8342108726501465,-0.3368086516857147,0.004678424447774887,0.0,0.0,0.038698494622683495,0.9992509327060637,7,1,6,1.0,1.0,-0.09357516560248613,-0.14537517049609172,0,0,-0.01076613647139632,-0.3505164189631457,12,-76,-0.01076613647139632,1.0,1.0,1.0
55,1791141690.5292575,-1.82656729221344,-0.32363393902778625,-1.6861905609034427,84.1715005483332,94.0279054411498,0.05,-1.82656729221344,-0.32363393902778625,-0.008099863305687904,0.0,0.0,-0.033590796862210136,0.9994356699488776,7,1,6,1.0,1.0,-0.12882064644761526,-0.22521860819597972,0,0,-0.01864769995358821,-0.38444869559471545,-7,-103,-0.01864769995358821,1.0,1.0,1.0
56,1791141691.0287573,-1.8476799726486206,-0.33691978454589844,-1.9177631868434903,84.04273152318652,94.0279054411498,0.06438451257334098,-1.8476799726486206,-0.33691978454589844,0.006146262865513563,0.0,0.0,-0.1488284575476375,0.9888630290510365,7,1,6,-0.15945210837398538,1.0,1.0,-0.2661868363999811,0,0,-0.19800899485964046,-0.6144036386176069,-346,-500,-0.19800899485964046,1.0,1.0,1.0
57,1791141691.5288405,-1.8770853281021118,-0.32259732484817505,-2.02217051987777,83.86491127586117,94.0279054411498,0.0889101236626739,-1.8770853281021118,-0.32259732484817505,0.0015226544346660376,0.0,0.0,-0.20022454020653352,0.9797500362332641,7,1,6,-0.1659176154396238,1.0,1.0,-0.31917368604291974,0,0,-0.1570487990893246,0.3652458567670658,-500,-408,-0.1570487990893246,1.0,1.0,1.0
58,1791141692.0288513,-1.9444677829742432,-0.2774399518966675,-1.9542802519735751,83.44591112121756,94.0279054411498,0.20950007732180634,-1.9444677829742432,-0.2774399518966675,-4.4998800149187446e-05,0.0,0.0,-0.16685783511348312,0.985980964756035,7,1,6,-0.12035943897098911,1.0,1.0,-0.36743872080896167,0,0,-0.19929993634888354,0.4046950946449598,-500,-399,-0.19929993634888354,1.0,1.0,1.0
59,1791141692.5299306,-2.0140600204467773,-0.26595887541770935,-1.882225532493796,83.02608834863815,94.0279054411498,0.20991138628970282,-2.0140600204467773,-0.26595887541770935,0.0024383498821407557,0.0,0.0,-0.13123495160875048,0.9913512936775989,7,1,6,-0.10352456735570903,1.0,1.0,-0.3934119844346665,0,0,-0.19890941560651954,0.3099204854589181,-500,-422,-0.19890941560651954,1.0,1.0,1.0
60,1791141693.0284793,-2.078773260116577,-0.24442169070243835,-1.8113907738198685,82.59185971856553,100.0,0.21711431503631134,-2.078773260116577,-0.24442169070243835,0.0032480666413903236,0.0,0.0,-0.09604892547163832,0.9953766141093248,7,1,6,1.0,1.0,-0.0815746248478263,-0.42211446440918665,0,0,-0.19854419775884494,0.2437901269383906,-500,-439,-0.19854419775884494,1.0,1.0,1.0
61,1791141693.5291,-2.1379587650299072,-0.22403083741664886,-1.710192999307568,82.19523035301316,100.0,0.19831468277618552,-2.1379587650299072,-0.22403083741664886,0.004283600486814976,0.0,0.0,-0.04558253649267299,0.9989605759823028,7,1,6,1.0,1.0,-0.06060239926383071,-0.42692531819051927,0,0,-0.1821925778632557,0.15797943454137825,-500,-460,-0.1821925778632557,1.0,1.0,1.0
62,1791141694.0282996,-2.219285488128662,-0.21848736703395844,-1.6764280739762956,81.65069880247613,100.0,0.2722657752685155,-2.219285488128662,-0.21848736703395844,0.0036251540295779705,0.0,0.0,-0.02871192722850301,0.9995877276331604,7,1,6,-0.37829405050346687,1.0,-0.04308921034398516,1.0,0,0,-0.07195356819177075,0.10587883743466736,-225,-199,-0.07195356819177075,1.0,1.0,1.0
63,1791141694.52868,-2.2570390701293945,-0.21209195256233215,-1.6550995200468261,81.40113601838287,100.0,0.1247813920466267,-2.2570390701293945,-0.21209195256233215,-0.0016734239179641008,0.0,0.0,-0.018050616259301867,0.9998370743539466,7,1,6,-0.38482975306249345,1.0,-0.03994137998078262,1.0,0,0,-0.13606377052991273,0.0759462313928964,-411,-392,-0.13606377052991273,1.0,1.0,1.0
64,1791141695.0290146,-2.315075159072876,-0.21202455461025238,-1.6134561387351911,81.01570599374749,100.0,0.19271501231769295,-2.315075159072876,-0.21202455461025238,0.008553857915103436,0.0,0.0,0.0027700904871711396,0.9999961632919863,7,1,6,-0.3855006024274278,1.0,-0.03470866819015206,1.0,0,0,-0.11522864886723334,-0.1171085766680634,-325,-354,-0.11522864886723334,1.0,1.0,1.0
65,1791141695.5281973,-2.375514507293701,-0.21256040036678314,-1.6674151753498432,80.6139890040367,100.0,0.20085849485539822,-2.375514507293701,-0.21256040036678314,0.0023299292661249638,0.0,0.0,-0.024207059504748475,0.999706966200663,7,1,6,1.0,1.0,-0.024849695647695014,-0.39950098189868577,0,0,-0.1002309891475825,-0.2813743327217526,-260,-331,-0.1002309891475825,1.0,1.0,1.0
66,1791141696.028701,-2.422010898590088,-0.2022724151611328,-1.7897498435781003,80.30526748810288,100.0,0.15436075796690296,-2.422010898590088,-0.2022724151611328,0.0011639539152383804,0.0,0.0,-0.0852730749392284,0.9963576178714191,7,1,6,1.0,1.0,-0.010663930200009997,-0.4057748116778116,0,0,-0.1392651403569683,-0.1749108034447546,-389,-433,-0.1392651403569683,1.0,1.0,1.0
67,1791141696.5289295,-2.494401216506958,-0.1943391114473343,-1.8449043425173186,79.86868379735122,94.0279054411498,0.2182918453758323,-2.494401216506958,-0.1943391114473343,0.003204581793397665,0.0,0.0,-0.11271397172271837,0.9936274757566289,7,1,6,1.0,1.0,0.014901945196301503,-0.41303334134406133,0,0,-0.16225408723013526,-0.04337853586545294,-473,-484,-0.16225408723013526,1.0,1.0,1.0
68,1791141697.0294619,-2.5432283878326416,-0.16357053816318512,-1.8547849531223783,79.56803127790909,94.0279054411498,0.15032625972107122,-2.5432283878326416,-0.16357053816318512,-0.0053401836194098,0.0,0.0,-0.11762139936145975,0.9930585110718563,7,1,6,1.0,1.0,0.067167139213689,-0.4426761033382395,0,0,-0.1777882968327372,0.003396434499159326,-500,-499,-0.1777882968327372,1.0,1.0,1.0
69,1791141697.5287025,-2.619900941848755,-0.1502944380044937,-1.844968840949969,79.1042481727329,94.0279054411498,0.23189155258809216,-2.619900941848755,-0.1502944380044937,0.002726917155086994,0.0,0.0,-0.11274601537151319,0.9936238403026804,7,1,6,1.0,1.0,0.11771135613784112,-0.4568948204224407,0,0,-0.1841026572100836,0.09296477076566804,-500,-477,-0.1841026572100836,1.0,1.0,1.0
70,1791141698.0300508,-2.678300380706787,-0.1274278461933136,-1.8366053000598728,78.74979306685981,94.0279054411498,0.17722755293654605,-2.678300380706787,-0.1274278461933136,-0.0026330891996622086,0.0,0.0,-0.10858993486797777,0.9940866290446564,7,1,6,1.0,1.0,0.1479221365193153,-0.48775172694272595,0,0,-0.18968044454531033,0.18324112373460846,-500,-454,-0.18968044454531033,1.0,1.0,1.0
71,1791141698.5291166,-2.7567479610443115,-0.12433414161205292,-1.821301578013787,78.27608592042922,94.0279054411498,0.23685357321529116,-2.7567479610443115,-0.12433414161205292,0.0027013090439140797,0.0,0.0,-0.10098021735866232,0.9948884337965727,7,1,6,1.0,1.0,0.18771711039709538,-0.4829762965642491,0,0,-0.19354028587243235,0.254626400484376,-500,-436,-0.19354028587243235,1.0,1.0,1.0
72,1791141699.0289323,-2.8164279460906982,-0.0954473465681076,-1.7695476861152477,77.9114864958331,94.0279054411498,0.18229971229806047,-2.8164279460906982,-0.0954473465681076,-0.0036733781453222036,0.0,0.0,-0.07520460909646662,0.9971681236234177,7,1,6,1.0,1.0,0.23704942325695133,-0.48298543493721013,0,0,-0.19675095868798956,0.3182658161883603,-500,-420,-0.19675095868798956,1.0,1.0,1.0
73,1791141699.5294254,-2.879427909851074,-0.08363980054855347,-1.6897708564162963,77.53206019365976,94.0279054411498,0.18971315108666922,-2.879427909851074,-0.08363980054855347,-0.005429255310446024,0.0,0.0,-0.03537987960586891,0.9993739360815221,7,1,6,-0.4876437589949094,1.0,0.296191053669705,1.0,0,0,-0.17301188156707395,0.25219166678693905,-500,-437,-0.17301188156707395,1.0,1.0,1.0
74,1791141700.0287435,-2.941662073135376,-0.07081296294927597,-1.6011582636734911,77.15712167555499,94.0279054411498,0.1874692590523872,-2.941662073135376,-0.07081296294927597,0.0025915035512298346,0.0,0.0,0.00891891331098185,0.9999602257016782,7,1,6,-0.491396209344222,1.0,0.3529826089745478,1.0,0,0,-0.15115668981066008,0.035373122202959115,-450,-441,-0.15115668981066008,1.0,1.0,1.0
75,1791141700.5292275,-3.0107083320617676,-0.07727374881505966,-1.5960948204600587,76.74130359028666,94.0279054411498,0.20790904263416676,-3.0107083320617676,-0.07727374881505966,-0.00958964042365551,0.0,0.0,0.011450502932414366,0.9999344408422958,7,1,6,-0.4726782426470211,1.0,0.40125785820244864,1.0,0,0,-0.08712110035723614,-0.20728917753193393,-231,-283,-0.08712110035723614,1.0,1.0,1.0
76,1791141701.0288417,-3.0707204341888428,-0.07847420126199722,-1.6822168624021245,76.38128165231608,94.0279054411498,0.1800109689852956,-3.0707204341888428,-0.07847420126199722,-0.002083568600937724,0.0,0.0,-0.03160500385576852,0.999500437084085,7,1,6,1.0,1.0,0.43901382573352454,-0.4660917553813968,0,0,-0.08269281273566999,-0.2785819657269111,-209,-279,-0.08269281273566999,1.0,1.0,1.0
77,1791141701.5294023,-3.101658821105957,-0.07161892205476761,-1.8052168506885218,76.19681622718365,94.0279054411498,0.09223271256621147,-3.101658821105957,-0.07161892205476761,-0.004310838878154755,0.0,0.0,-0.09297578335995106,0.9956683703465745,7,1,6,1.0,1.0,0.5058640040390412,-0.47494829844104725,0,0,-0.17223176490918088,-0.2139256552228182,-446,-500,-0.17223176490918088,1.0,1.0,1.0
78,1791141702.028708,-3.171525239944458,-0.0638871043920517,-1.8815456607570122,75.77581699994008,94.0279054411498,0.2104996136217837,-3.171525239944458,-0.0638871043920517,-0.004355415236204863,0.0,0.0,-0.13089794816982434,0.9913958478654881,7,1,6,1.0,1.0,0.5518557538787972,-0.4793944263078467,0,0,-0.1795418901659979,0.1651642721205065,-500,-459,-0.1795418901659979,1.0,1.0,1.0
79,1791141702.5291634,-3.233093738555908,-0.03620820865035057,-1.849810284719408,75.40033348482864,94.0279054411498,0.18774175755571687,-3.233093738555908,-0.03620820865035057,-0.0032991645857691765,0.0,0.0,-0.11515096965807921,0.9933480025584207,7,1,6,1.0,1.0,0.6239893307436668,-0.48953783328821354,0,0,-0.19143795696574165,0.2811223186529707,-500,-430,-0.19143795696574165,1.0,1.0,1.0
80,1791141703.0289657,-3.2949681282043457,-0.022953364998102188,-1.7985453658417643,75.02750595825351,94.0279054411498,0.18641376328756082,-3.2949681282043457,-0.022953364998102188,-0.006868110969662666,0.0,0.0,-0.08965397901825935,0.9959729735520907,7,1,6,1.0,1.0,0.6453110432315161,-0.5066566036450151,0,0,-0.1973266777495286,0.35577573153227043,-500,-411,-0.1973266777495286,1.0,1.0,1.0
81,1791141703.528745,-3.376889228820801,-0.01083684153854847,-1.7126569642704876,74.57768226539791,88.51196242972357,0.22491184642780185,-3.376889228820801,-0.01083684153854847,-0.0054904804565012455,0.0,0.0,-0.046813203518483865,0.9989036610085764,7,1,6,1.0,1.0,0.6753138317266474,-0.4994778908849219,0,0,-0.19842138195874937,0.3579777156939606,-500,-410,-0.19842138195874937,1.0,1.0,1.0
82,1791141704.0291166,-3.4387099742889404,-0.0038719279691576958,-1.6323679098656705,74.2409743936691,88.51196242972357,0.16835393586439937,-3.4387099742889404,-0.0038719279691576958,-0.008887865580618382,0.0,0.0,-0.006685741726564742,0.9999776501790256,7,1,6,-0.5160885862451993,1.0,0.6852983427933874,1.0,0,0,-0.15533994555054864,0.2703224095417591,-492,-424,-0.15533994555054864,1.0,1.0,1.0
83,1791141704.5286148,-3.521204948425293,-0.0012930401135236025,-1.546843311703758,73.78876262605,88.51196242972357,0.2261058838095524,-3.521204948425293,-0.0012930401135236025,-0.007196760270744562,0.0,0.0,0.03606868237248988,0.9993493133794171,7,1,6,-0.5142682399579388,1.0,0.6956453373358766,1.0,0,0,-0.13570414952490745,0.13985190899860026,-418,-383,-0.13570414952490745,1.0,1.0,1.0
84,1791141705.029085,-3.5688235759735107,-0.019188445061445236,-1.5220449792854844,73.52779274531493,88.51196242972357,0.13048494036753863,-3.5688235759735107,-0.019188445061445236,-0.02006683312356472,0.0,0.0,0.04845669056078916,0.9988252845918029,7,1,6,-0.5352181519540697,1.0,0.6513938779670905,1.0,0,0,-0.0576945456569166,-0.10447753328592084,-157,-183,-0.0576945456569166,1.0,1.0,1.0
85,1791141705.5299215,-3.6051149368286133,-0.013073967769742012,-1.5669754571582661,73.33167753829548,88.51196242972357,0.09805760350972073,-3.6051149368286133,-0.013073967769742012,-0.009703641757369041,0.0,0.0,0.026007502055806295,0.9996617477111032,7,1,6,-0.5588806486639246,1.0,0.6149727143655357,1.0,0,0,0.026370426890943252,-0.29866259653327254,115,40,0.026370426890943252,1.0,1.0,1.0
86,1791141706.0286489,-3.5966756343841553,-0.009847010485827923,-1.6697919301094413,73.23167753829549,88.51196242972357,0.05,-3.5966756343841553,-0.009847010485827923,-0.010007166303694248,0.0,0.0,-0.025395071277081835,0.999677493172089,7,1,6,1.0,1.0,0.5450604567743145,-0.5911035952249952,0,0,-0.04198190904071459,-0.2809725317963712,-89,-159,-0.04198190904071459,1.0,1.0,1.0
87,1791141706.5290906,-3.6092748641967773,-0.0161800067871809,-1.8128340406831231,73.13167753829549,88.51196242972357,0.05,-3.6092748641967773,-0.0161800067871809,-0.024692289531230927,0.0,0.0,-0.09676719744212807,0.99530704282608,7,1,6,1.0,1.0,0.5003379850188565,-0.6086264503204666,0,0,-0.16508759748899296,-0.2683201991403715,-433,-500,-0.16508759748899296,1.0,1.0,1.0
88,1791141707.0282369,-3.6605091094970703,0.007206269074231386,-1.86212424225723,72.848940399534,88.51196242972358,0.14136856938074724,-3.6605091094970703,0.007206269074231386,-0.009520814754068851,0.0,0.0,-0.12126477099172116,0.9926201969113491,7,1,6,1.0,1.0,0.47292226357852174,-0.5962783752752336,0,0,-0.1876558326974973,0.11924712989858127,-500,-470,-0.1876558326974973,1.0,1.0,1.0
89,1791141707.5283945,-3.733900547027588,0.016687652096152306,-1.831091641141784,72.35840478678188,100.0,0.2452678063760638,-3.733900547027588,0.016687652096152306,-0.03020121157169342,0.0,0.0,-0.10584899838817707,0.9943822150160468,7,1,6,1.0,1.0,0.44616078067819154,-0.5959274423591346,0,0,-0.19275587809106787,0.3223609695104919,-500,-419,-0.19275587809106787,1.0,1.0,1.0
90,1791141708.0295112,-3.802574872970581,0.03829484060406685,-1.7848526565180944,71.89737372127354,100.0,0.2305155327541667,-3.802574872970581,0.03829484060406685,-0.013963761739432812,0.0,0.0,-0.08283314692849406,0.9965634298778591,7,1,6,1.0,1.0,0.4251324846774811,-0.6003193497480435,0,0,-0.19805203602738897,0.38353349473797893,-500,-404,-0.19805203602738897,1.0,1.0,1.0
91,1791141708.5290236,-3.8762919902801514,0.04793980345129967,-1.7054363356069557,71.45239527868898,94.0279054411498,0.2224892212922815,-3.8762919902801514,0.04793980345129967,-0.006072067655622959,0.0,0.0,-0.04320655005954956,0.9990661609883259,7,1,6,1.0,1.0,0.39972408218890987,-0.6094073262358864,0,0,-0.19824806677848247,0.3528389445362981,-500,-412,-0.19824806677848247,1.0,1.0,1.0
92,1791141709.0290654,-3.9331469535827637,0.05915597081184387,-1.5866427270385548,71.11060587989381,94.0279054411498,0.17089469939758228,-3.9331469535827637,0.05915597081184387,-0.01565834879875183,0.0,0.0,0.01617609433936481,0.9998691584262033,7,1,6,1.0,1.0,0.38838193176170344,-0.6111536307256411,0,0,-0.1983514555805088,0.31336198442026497,-500,-421,-0.1983514555805088,1.0,1.0,1.0
93,1791141709.5291488,-4.009533405303955,0.05000291019678116,-1.5429418389634408,70.64918964419427,94.0279054411498,0.23070811784976977,-4.009533405303955,0.05000291019678116,-0.0029387592803686857,0.0,0.0,0.038018079560822184,0.9992770514859766,7,1,6,1.0,1.0,0.3811988318087527,-0.6074437257859311,0,0,-0.1977171922298479,0.2875311215919583,-500,-428,-0.1977171922298479,1.0,1.0,1.0
94,1791141710.0282254,-4.083386421203613,0.06037775054574013,-1.466841910945886,70.20327401771864,94.0279054411498,0.22295781323781205,-4.083386421203613,0.06037775054574013,-0.009814889170229435,0.0,0.0,0.07600384328875176,0.9971075246959772,7,1,6,-0.6014060043970104,1.0,0.4282576951410546,1.0,0,0,-0.1193478265438311,0.24388669505921184,-383,-321,-0.1193478265438311,1.0,1.0,1.0
95,1791141710.5236702,-4.294346332550049,0.2669966518878937,-1.352271122954023,70.20327401771864,94.0279054411498,0.22295781323781205,-4.294346332550049,0.2669966518878937,-0.059764280915260315,0.0,0.0,0.13296763137245537,0.9911203806840009,7,1,6,-0.5915771782209669,1.0,0.5271370932251012,1.0,0,0,-0.18063355161042727,0.17509873085171673,-500,-456,-0.18063355161042727,1.0,1.0,1.0
96,1791141711.024035,-4.187222480773926,-0.007521007210016251,-1.3407705281026248,70.20327401771864,94.0279054411498,0.22295781323781205,-4.187222480773926,-0.007521007210016251,0.025693485513329506,0.0,0.0,0.13866463859518757,0.990339395360634,7,1,6,1.0,1.0,0.16025613818719742,-0.5958467929187455,0,0,-0.19075493865067145,-0.03594860767629839,-491,-500,-0.19075493865067145,1.0,1.0,1.0
97,1791141711.5296104,-4.257612228393555,-0.006649354938417673,-1.2920943682521062,69.73385333772629,100.0,0.2347103399961768,-4.257612228393555,-0.006649354938417673,-0.025569822639226913,0.0,0.0,0.16272415206319182,0.986671602071994,7,1,6,-0.6035866625388353,1.0,0.08359804439979368,1.0,0,0,-0.1425484247701517,-0.19579915823310862,-396,-445,-0.1425484247701517,1.0,1.0,1.0
98,1791141712.0288513,-4.328105926513672,-0.029820634052157402,-1.3617318196342045,69.26001789892028,100.0,0.2369177194030003,-4.328105926513672,-0.029820634052157402,-0.013263987377285957,0.0,0.0,0.12827781655731182,0.9917382728216597,7,1,6,1.0,1.0,0.09331256279833511,-0.4515075215424016,0,0,-0.1496193696827023,-0.04296087442744797,-436,-447,-0.1496193696827023,1.0,1.0,1.0
99,1791141712.529203,-4.386213779449463,-0.042621027678251266,-1.394461037456356,68.94293358580187,88.51196242972357,0.15854215655920667,-4.386213779449463,-0.042621027678251266,-0.01620359718799591,0.0,0.0,0.11203195590094384,0.9937046044257866,7,1,6,-0.6214486726135655,1.0,0.04036918787415078,1.0,0,0,-0.08820858501313722,-0.22467028373560863,-232,-288,-0.08820858501313722,1.0,1.0,1.0
100,1791141713.0299096,-4.447625637054443,-0.05985325574874878,-1.5007671211240783,68.57197416945168,94.0279054411498,0.18547970817509726,-4.447625637054443,-0.05985325574874878,0.00495475297793746,0.0,0.0,0.05908017916343159,0.9982532406308616,7,1,6,1.0,1.0,-0.01766130572071467,-0.6207948873650004,0,0,-0.12337941725922846,-0.11753071865946126,-349,-379,-0.12337941725922846,1.0,1.0,1.0
101,1791141713.528464,-4.481344699859619,-0.08504650741815567,-1.587882761421123,68.36317927870357,94.0279054411498,0.10439744537405701,-4.481344699859619,-0.08504650741815567,0.013882003724575043,0.0,0.0,0.015556155202607615,0.9998789956966355,7,1,6,1.0,1.0,-0.09989008168927971,-0.6246099861599766,0,0,-0.18819027959520288,0.14818456960767673,-500,-463,-0.18819027959520288,1.0,1.0,1.0
102,1791141714.0287113,-4.541611194610596,-0.09219948947429657,-1.58777866303142,68.00118805645135,94.0279054411498,0.18099561112610474,-4.541611194610596,-0.09219948947429657,0.03679942339658737,0.0,0.0,0.015608198078187354,0.9998781846568872,7,1,6,1.0,1.0,-0.1577512294276291,-0.6749445276077992,0,0,-0.19400729925272597,0.32592885844444114,-500,-418,-0.19400729925272597,1.0,1.0,1.0
103,1791141714.5289748,-4.59810733795166,-0.10848603397607803,-1.54629183762103,67.66038647268746,94.0279054411498,0.17040079188194512,-4.59810733795166,-0.10848603397607803,0.053291499614715576,0.0,0.0,0.03634423862079106,0.9993393299170582,7,1,6,1.0,1.0,-0.19570880276359182,-0.66222264368928,0,0,-0.19789005827046482,0.37337342916581606,-500,-406,-0.19789005827046482,1.0,1.0,1.0
104,1791141715.029321,-4.69559383392334,-0.0683836042881012,-1.4274492643392744,67.05994198208202,94.0279054411498,0.3002222453027186,-4.69559383392334,-0.0683836042881012,-0.015124179422855377,0.0,0.0,0.0956271834713938,0.9954172199541901,7,1,6,-0.6539193812003724,1.0,-0.1892969682402854,1.0,0,0,-0.1383549650075333,0.20815437237258186,-434,-382,-0.1383549650075333,1.0,1.0,1.0
105,1791141715.5295074,-4.770196914672852,-0.08828390389680862,-1.3382368632205506,66.60750365036176,94.0279054411498,0.22621916586012628,-4.770196914672852,-0.08828390389680862,-0.014275306835770607,0.0,0.0,0.13991912106433346,0.9901629358648931,7,1,6,-0.5477345564405758,1.0,-0.22109265385950638,1.0,0,0,-0.15467297439188904,0.05940215354753636,-464,-449,-0.15467297439188904,1.0,1.0,1.0
106,1791141716.0293329,-4.83487606048584,-0.10911456495523453,-1.3214168371183146,66.21559054596331,94.0279054411498,0.1959565521992256,-4.83487606048584,-0.10911456495523453,-0.003762559499591589,0.0,0.0,0.14824135802259322,0.9889512120279834,7,1,6,-0.469724785637087,1.0,-0.2715025069038214,1.0,0,2291,-0.0911039582173007,-0.2898585414700478,-232,-305,-0.0911039582173007,1.0,1.0,1.0
107,1791141716.5292718,-4.878157138824463,-0.1218351274728775,-1.4094899046331888,65.95563652782106,94.0279054411498,0.12997700907112403,-4.878157138824463,-0.1218351274728775,-0.03718160465359688,0.0,0.0,0.10456173589508598,0.9945183977114784,7,1,6,-0.45350964083673695,1.0,-0.3030166654391828,1.0,0,3219,-0.001896198197330181,-0.46956389184882985,53,-64,-0.001896198197330181,1.0,1.0,1.0
108,1791141717.0290504,-4.889854431152344,-0.1311042308807373,-1.6218337662910376,65.85563652782106,94.0279054411498,0.05,-4.889854431152344,-0.1311042308807373,0.007990546524524689,0.0,0.0,-0.001418719272145495,0.999998993617307,7,1,6,-0.48231283539497216,1.0,-0.29602467554158507,1.0,0,3558,0.07403893749061362,-0.5280959239706877,285,152,0.07403893749061362,1.0,1.0,1.0
109,1791141717.529165,-4.869970798492432,-0.13963612914085388,-1.8411011820331173,65.75563652782107,94.0279054411498,0.05,-4.869970798492432,-0.13963612914085388,-0.05387529730796814,0.0,0.0,-0.11082430669831186,0.9938400138074732,7,1,6,1.0,1.0,-0.346095865296997,-0.5156991054192237,0,2814,-0.011398871240067382,-0.21432877421595198,-7,-60,-0.011398871240067382,1.0,1.0,1.0
110,1791141718.0285892,-4.863659381866455,-0.13690347969532013,-1.9083739793938208,65.65563652782107,94.0279054411498,0.05,-4.863659381866455,-0.13690347969532013,-0.02769114077091217,0.0,0.0,-0.14418451450552716,0.989550820209253,7,1,6,1.0,1.0,-0.421183557058736,-0.5426383858126129,0,2531,-0.007575146828945858,-0.3405838083658812,20,-65,-0.007575146828945858,1.0,1.0,1.0
111,1791141718.5285141,-4.898226261138916,-0.16582855582237244,-2.050300624944923,65.43960769942636,94.0279054411498,0.10801441419735511,-4.898226261138916,-0.16582855582237244,-0.02991151437163353,0.0,0.0,-0.21398451713925196,0.9768370521354527,7,1,6,1.0,1.0,-0.4460746395706954,-0.5087762317661553,0,2300,-0.034740523867808605,-0.4553651325466761,-45,-160,-0.034740523867808605,1.0,1.0,1.0
112,1791141719.0288825,-4.878902912139893,-0.1292559802532196,-2.3206231602072482,65.33960769942637,92.46396606876452,0.05,-4.878902912139893,-0.1292559802532196,0.002591961994767189,0.0,0.0,-0.3436617953905447,0.9390934833066128,7,1,6,1.0,1.0,-0.39705685112295475,-0.5529672130822247,0,2000,-0.04013392427651048,-0.5241327125814021,-53,-184,-0.04013392427651048,1.0,1.0,1.0
113,1791141719.52924,-4.897369384765625,-0.11845336854457855,-2.552076959228408,65.23048523575689,92.46396606876452,0.054561231834736636,-4.897369384765625,-0.11845336854457855,-0.02877933345735073,0.0,0.0,-0.44979903679556527,0.8931297926381034,7,1,6,-0.36896483059391294,1.0,1.0,-0.5611721740295719,0,1587,-0.1958272955780171,-0.5769519336149747,-355,-500,-0.1958272955780171,1.0,1.0,1.0
114,1791141720.0286126,-4.92511510848999,-0.08427552878856659,-2.4355124622654847,65.0541243792309,92.46396606876452,0.08818042826299274,-4.92511510848999,-0.08427552878856659,-0.00566086545586586,0.0,0.0,-0.39701116168487377,0.9178137814925351,7,1,6,-0.29773094700796543,1.0,1.0,-0.58710692921794,0,2483,-0.12457109247440748,0.21830176871626986,-395,-340,-0.12457109247440748,1.0,1.0,1.0
115,1791141720.528792,-4.923937797546387,-0.05524987354874611,-2.1620008581768166,64.9541243792309,88.28138315585399,0.05,-4.923937797546387,-0.05524987354874611,-0.004599709063768387,0.0,0.0,-0.26817897511581534,0.9633691075106317,7,1,6,1.0,1.0,-0.3096287621161904,-0.5986969646428634,0,4354,-0.19894132472181802,0.33779715746408817,-500,-415,-0.19894132472181802,1.0,1.0,1.0
116,1791141721.028418,-4.91766881942749,-0.053126342594623566,-2.1384589469041932,64.85412437923091,88.28138315585399,0.05,-4.91766881942749,-0.053126342594623566,-0.02889585867524147,0.0,0.0,-0.25682088334499265,0.9664590182092035,7,1,6,1.0,1.0,-0.3134488997508502,-0.6344941528035963,0,4358,-0.1849965689827736,0.23299059094134567,-500,-442,-0.1849965689827736,1.0,1.0,1.0
117,1791141721.5285559,-4.925425052642822,-0.061232466250658035,-2.145237124642122,64.75412437923092,88.28138315585399,0.05,-4.925425052642822,-0.061232466250658035,-0.0052517312578856945,0.0,0.0,-0.2600948176646439,0.9655830807465485,7,1,6,1.0,1.0,-0.3145929513276169,-0.6409174443533149,0,4359,-0.1823112750509283,0.20138474289259262,-500,-450,-0.1823112750509283,1.0,1.0,1.0
118,1791141722.0287857,-4.923593521118164,-0.0586283877491951,-2.135325305118038,64.65412437923092,88.28138315585399,0.05,-4.923593521118164,-0.0586283877491951,-0.032724276185035706,0.0,0.0,-0.2553063005442417,0.9668602240770966,7,1,6,1.0,1.0,-0.31298503477651773,-0.6431821291656841,0,4357,-0.1812129284969391,0.21250972377598987,-500,-447,-0.1812129284969391,1.0,1.0,1.0
119,1791141722.5282931,-4.926589488983154,-0.06094982102513313,-2.1374696824277697,64.55412437923093,88.28138315585399,0.05,-4.926589488983154,-0.06094982102513313,-0.017283203080296516,0.0,0.0,-0.2563428101601359,0.9665859318649349,7,1,6,1.0,1.0,-0.31428393014370837,-0.6430037839419391,0,4356,-0.1821235066436914,0.23087438000412258,-500,-442,-0.1821235066436914,1.0,1.0,1.0
120,1791141723.0286038,-4.931093692779541,-0.0600966177880764,-2.1266843460661398,64.45412437923093,88.28138315585399,0.05,-4.931093692779541,-0.0600966177880764,-0.02957782708108425,0.0,0.0,-0.25112663089825316,0.9679542423346739,7,1,6,1.0,1.0,-0.31451789784262263,-0.6421413515354486,0,4364,-0.18493303749877188,0.24350161914648283,-500,-439,-0.18493303749877188,1.0,1.0,1.0
